YYYYMMDD,Date,Short Positions,Long Positions,Total Positions,Daily PnL,Cumulative PnL,ROR,Market Value,Net Market Value,Sharpe
20091207,12/7/2009,0,0,0,0,0,0,0,0,0
20091208,12/8/2009,0,1000,1000,0,0,0,158335,158335,0
20091209,12/9/2009,0,1000,1000,4760,4760,0.0543049,24860,24860,11.225
20091210,12/10/2009,-1000,1000,2000,0,4760,0,187895,-138025,9.16515
20091211,12/11/2009,-1000,1000,2000,70,4830,0.00471222,187050,-137955,8.78494
20091214,12/14/2009,-1000,1000,2000,0,4830,0,188500,-137955,7.82236
20091215,12/15/2009,-1000,1000,2000,85,4915,0.00569514,186240,-137870,7.91666
20091216,12/16/2009,-1000,1000,2000,1015,5930,0.0119981,186610,-136855,8.76629
20091217,12/17/2009,-1000,1000,2000,0,5930,0,183965,-136855,8.12837
20091218,12/18/2009,-1000,1000,2000,400,6330,0.00621552,186665,-136455,8.32806
20091221,12/21/2009,-1000,500,1500,290,6620,0.0206536,178700,-146210,9.65346
20091222,12/22/2009,-1500,0,1500,150,6770,0.00982962,175165,-171490,10.1193
20091223,12/23/2009,-1500,0,1500,0,6770,0,176100,-171490,9.57382
20091224,12/24/2009,-2000,0,2000,0,6770,0,195470,-186990,9.10801
20091228,12/28/2009,-2000,0,2000,0,6770,0,197695,-186990,8.70418
20091229,12/29/2009,-2000,0,2000,0,6770,0,196370,-186990,8.34971
20091230,12/30/2009,-2000,0,2000,20,6790,0.00129032,197880,-186970,8.14833
20091231,12/31/2009,-2000,0,2000,0,6790,0,196255,-186970,7.86142
20100104,1/4/2010,-2000,0,2000,0,6790,0,199145,-186970,7.60284
20100105,1/5/2010,-2000,0,2000,0,6790,0,198530,-186970,7.3682
20100106,1/6/2010,-2000,0,2000,95,6885,0.00613695,196270,-186875,7.57517
20100107,1/7/2010,-2000,0,2000,0,6885,0,195590,-186875,7.36299
20100108,1/8/2010,-1500,0,1500,8530,15415,0.0904846,91170,-89305,6.99673
20100111,1/11/2010,-1500,0,1500,195,15610,0.0127202,180270,-179030,7.25737
20100112,1/12/2010,-1000,0,1000,1300,16910,0.0203268,114165,-115075,7.71132
20100113,1/13/2010,-1000,1000,2000,0,16910,0,196095,-34785,7.52749
20100114,1/14/2010,-500,1000,1500,720,17630,0.0718563,186350,-24765,8.17337
20100115,1/15/2010,-500,1500,2000,1030,18660,0.028706,194685,-13335,8.6687
20100119,1/19/2010,-500,1500,2000,0,18660,0,200665,-13335,8.47447
20100120,1/20/2010,-500,1500,2000,140,18800,0.0134615,196825,-13195,8.65649
20100121,1/21/2010,-500,1500,2000,0,18800,0,193960,-13195,8.47518
20100122,1/22/2010,-500,1500,2000,0,18800,0,186060,-13195,8.3048
20100125,1/25/2010,-500,1500,2000,3520,22320,0.0335063,189415,-9675,8.79899
20100126,1/26/2010,-500,1500,2000,0,22320,0,190595,-9675,8.62973
20100127,1/27/2010,-500,1500,2000,0,22320,0,192060,-9675,8.46987
20100128,1/28/2010,-500,1500,2000,1890,24210,0.0186143,186060,-7785,8.73294
20100129,1/29/2010,-500,1500,2000,0,24210,0,181015,-7785,8.5791
20100201,2/1/2010,-500,1500,2000,2280,26490,0.0228812,183710,-5505,8.89881
20100202,2/2/2010,-500,1500,2000,0,26490,0,184880,-5505,8.74881
20100203,2/3/2010,-500,1500,2000,0,26490,0,186600,-5505,8.60614
20100204,2/4/2010,-500,1500,2000,0,26490,0,180955,-5505,8.47023
20100205,2/5/2010,-500,1500,2000,0,26490,0,183235,-5505,8.34057
20100208,2/8/2010,-500,500,1000,-6520,19970,-0.176875,106735,-86825,2.76537
20100209,2/9/2010,-1500,500,2000,0,19970,0,183530,-162435,2.73282
20100210,2/10/2010,-1500,0,1500,-695,19275,-0.0659393,172960,-172975,1.91439
20100211,2/11/2010,-2000,0,2000,0,19275,0,185290,-183005,1.89317
20100212,2/12/2010,-2000,0,2000,0,19275,0,186370,-183005,1.87263
20100216,2/16/2010,-2000,0,2000,0,19275,0,188850,-183005,1.85276
20100217,2/17/2010,-2000,0,2000,0,19275,0,189065,-183005,1.8335
20100218,2/18/2010,-2000,0,2000,0,19275,0,190275,-183005,1.81483
20100219,2/19/2010,-2000,0,2000,0,19275,0,189225,-183005,1.79672
20100222,2/22/2010,-2000,0,2000,0,19275,0,188435,-183005,1.77914
20100223,2/23/2010,-1500,0,1500,1165,20440,0.0119653,87590,-85640,1.87178
20100224,2/24/2010,-1500,0,1500,0,20440,0,88460,-85640,1.85413
20100225,2/25/2010,-2000,0,2000,0,20440,0,189150,-186640,1.83697
20100226,2/26/2010,-2000,0,2000,0,20440,0,190490,-186640,1.82028
20100301,3/1/2010,-2000,0,2000,0,20440,0,193725,-186640,1.80403
20100302,3/2/2010,-2000,0,2000,0,20440,0,192715,-186640,1.78821
20100303,3/3/2010,-1000,0,1000,2060,22500,0.0458522,114925,-111030,2.14075
20100304,3/4/2010,-1500,500,2000,0,22500,0,193295,-61985,2.12252
20100305,3/5/2010,-500,0,500,650,23150,0.0419704,109475,-101000,2.43116
20100308,3/8/2010,-500,500,1000,0,23150,0,123855,-86685,2.41102
20100309,3/9/2010,-1000,1000,2000,0,23150,0,199155,-138990,2.39137
20100310,3/10/2010,-1000,1000,2000,170,23320,0.0118757,200310,-138820,2.46856
20100311,3/11/2010,-1000,500,1500,260,23580,0.0220531,187175,-153150,2.62167
20100312,3/12/2010,-1000,500,1500,0,23580,0,187905,-153150,2.60119
20100315,3/15/2010,-1500,500,2000,0,23580,0,201065,-167795,2.58119
20100316,3/16/2010,-1500,0,1500,380,23960,0.0357647,191245,-178420,2.8224
20100317,3/17/2010,-1500,0,1500,0,23960,0,190755,-178420,2.80123
20100318,3/18/2010,-1500,0,1500,11325,35285,0.112129,90095,-88520,3.34804
20100319,3/19/2010,-1000,0,1000,105,35390,0.00945946,78650,-77420,3.39081
20100322,3/22/2010,-1000,500,1500,0,35390,0,89910,-66300,3.36611
20100323,3/23/2010,-1000,1000,2000,0,35390,0,205140,47880,3.34195
20100324,3/24/2010,-1000,1000,2000,95,35485,0.00854317,204990,47975,3.37808
20100325,3/25/2010,-1000,1000,2000,0,35485,0,204125,47975,3.35447
20100326,3/26/2010,-1000,1000,2000,0,35485,0,206030,47975,3.33135
20100329,3/29/2010,-1000,1000,2000,2015,37500,0.0176476,206450,49990,3.42585
20100330,3/30/2010,-500,1000,1500,1610,39110,0.0256472,143980,112765,3.56684
20100331,3/31/2010,-1000,1000,2000,0,39110,0,207415,48640,3.54306
20100401,4/1/2010,-500,1000,1500,1855,40965,0.0198435,193305,65075,3.64754
20100405,4/5/2010,-500,1500,2000,0,40965,0,209850,79710,3.62378
20100406,4/6/2010,-500,1500,2000,1785,42750,0.015129,210095,81495,3.69835
20100407,4/7/2010,-500,1500,2000,0,42750,0,210440,81495,3.67481
20100408,4/8/2010,-500,1500,2000,530,43280,0.0239187,209895,82025,3.79905
20100409,4/9/2010,-500,1000,1500,920,44200,0.00766826,90825,-37950,3.82551
20100412,4/12/2010,-1000,1000,2000,0,44200,0,211755,-159095,3.80192
20100413,4/13/2010,-1000,1000,2000,265,44465,0.0177139,212340,-158830,3.88856
20100414,4/14/2010,-1000,500,1500,730,45195,0.0607467,200230,-173510,4.1663
20100415,4/15/2010,-1500,500,2000,0,45195,0,217450,-188945,4.14123
20100416,4/16/2010,-1000,500,1500,100,45295,0.00647878,200975,-173510,4.15744
20100419,4/19/2010,-1000,1000,2000,240,45535,0.0204082,217170,-157750,4.25319
20100420,4/20/2010,-1000,1000,2000,0,45535,0,214880,-157750,4.22836
20100421,4/21/2010,-1000,1000,2000,145,45680,0.00934278,221670,-157605,4.26119
20100422,4/22/2010,-500,1000,1500,440,46120,0.0068616,160925,-93480,4.27914
20100423,4/23/2010,-500,1000,1500,20,46140,0.00166667,215890,-40485,4.26539
20100426,4/26/2010,-1000,1000,2000,0,46140,0,227580,-52395,4.24152
20100427,4/27/2010,-500,1000,1500,235,46375,0.0197313,210855,-40485,4.33054
20100428,4/28/2010,-500,1500,2000,55,46430,0.000846219,222935,-28800,4.312
20100429,4/29/2010,-500,1500,2000,0,46430,0,226795,-28800,4.28857
20100430,4/30/2010,-500,1500,2000,0,46430,0,221735,-28800,4.26552
20100503,5/3/2010,0,1500,1500,12030,58460,0.0993025,91860,92345,4.56836
20100504,5/4/2010,0,2000,2000,0,58460,0,219745,221685,4.54407
20100505,5/5/2010,0,2000,2000,0,58460,0,217735,221685,4.52016
20100506,5/6/2010,0,2000,2000,0,58460,0,210330,221685,4.49662
20100507,5/7/2010,0,2000,2000,0,58460,0,203740,221685,4.47345
20100510,5/10/2010,0,2000,2000,0,58460,0,215875,221685,4.45063
20100511,5/11/2010,0,2000,2000,0,58460,0,217285,221685,4.42816
20100512,5/12/2010,0,1000,1000,760,59220,-0.0471433,77885,76680,4.08994
20100513,5/13/2010,-1000,1000,2000,690,59910,0.0106072,220790,-66430,4.12515
20100514,5/14/2010,-1000,1000,2000,0,59910,0,217915,-66430,4.10509
20100517,5/17/2010,-1000,1000,2000,2220,62130,0.0262841,217810,-64210,4.21126
20100518,5/18/2010,-1000,1000,2000,0,62130,0,216170,-64210,4.1911
20100519,5/19/2010,-1000,500,1500,-480,61650,-0.0471792,202720,-75490,3.87227
20100520,5/20/2010,-500,1000,1500,8230,69880,0.0647471,85850,62015,4.09968
20100521,5/21/2010,-500,1500,2000,700,70580,0.0495751,207745,183875,4.28038
20100524,5/24/2010,-500,1000,1500,2220,72800,0.0183229,85695,62715,4.34621
20100525,5/25/2010,-1000,1000,2000,385,73185,0.0286885,208330,-59510,4.45297
20100526,5/26/2010,-1000,1000,2000,0,73185,0,206525,-59510,4.43259
20100527,5/27/2010,-1000,500,1500,520,73705,0.0493421,202870,-69870,4.6041
20100528,5/28/2010,-1000,500,1500,100,73805,0.00769231,201780,-67580,4.62026
20100601,6/1/2010,-1000,500,1500,0,73805,0,203175,-67580,4.59952
20100602,6/2/2010,-1000,1000,2000,0,73805,0,219815,-54350,4.57905
20100603,6/3/2010,-1000,1000,2000,0,73805,0,219920,-54350,4.55886
20100604,6/4/2010,-500,500,1000,-2865,70940,-0.0252134,140875,-109380,4.40202
20100607,6/7/2010,-500,1500,2000,0,70940,0,210335,-37160,4.38303
20100608,6/8/2010,-500,1500,2000,0,70940,0,209170,-37160,4.36428
20100609,6/9/2010,-500,1500,2000,0,70940,0,205910,-37160,4.34577
20100610,6/10/2010,-500,500,1000,1895,72835,0.0404159,137755,-109380,4.48391
20100611,6/11/2010,-1500,500,2000,0,72835,0,214130,-183925,4.46512
20100614,6/14/2010,-1500,500,2000,0,72835,0,214585,-183925,4.44656
20100615,6/15/2010,-1500,500,2000,0,72835,0,218770,-183925,4.42823
20100616,6/16/2010,-1000,500,1500,11015,83850,0.0898377,89080,-61315,4.65021
20100617,6/17/2010,-1000,1000,2000,0,83850,0,225370,74620,4.6312
20100618,6/18/2010,-1000,1000,2000,0,83850,0,226030,74620,4.61243
20100621,6/21/2010,-1000,1000,2000,0,83850,0,223980,74620,4.59388
20100622,6/22/2010,-1000,1000,2000,0,83850,0,224950,74620,4.57555
20100623,6/23/2010,-1000,500,1500,-575,83275,-0.0434618,210945,61390,4.32792
20100624,6/24/2010,-1500,500,2000,290,83565,0.017528,221255,49180,4.38129
20100625,6/25/2010,-1500,500,2000,0,83565,0,219190,49180,4.3643
20100628,6/28/2010,-1500,500,2000,345,83910,0.0276,220975,49525,4.45174
20100629,6/29/2010,0,500,500,2315,86225,0.0914009,128085,135935,4.65929
20100630,6/30/2010,0,1500,1500,0,86225,0,199010,209180,4.64145
20100701,7/1/2010,0,1500,1500,0,86225,0,197105,209180,4.62381
20100702,7/2/2010,0,1500,1500,0,86225,0,196035,209180,4.60637
20100706,7/6/2010,0,2000,2000,405,86630,0.0352021,207695,219325,4.71074
20100707,7/7/2010,0,1000,1000,2000,88630,0.0486578,139405,145675,4.84698
20100708,7/8/2010,-500,1000,1500,0,88630,0,151300,133470,4.82893
20100709,7/9/2010,-1000,500,1500,-6125,82505,-0.0450583,86235,-66445,4.59002
20100712,7/12/2010,-1500,500,2000,545,83050,0.0559548,215680,-194545,4.73826
20100713,7/13/2010,-1500,500,2000,0,83050,0,214210,-194545,4.72104
20100714,7/14/2010,-1500,500,2000,2675,85725,0.0561286,215125,-191870,4.86622
20100715,7/15/2010,-1500,500,2000,0,85725,0,214595,-191870,4.84869
20100716,7/16/2010,-1500,500,2000,0,85725,0,211920,-191870,4.83135
20100719,7/19/2010,-1500,0,1500,115,85840,0.0107678,200300,-202550,4.85389
20100720,7/20/2010,-1500,0,1500,1125,86965,0.0143428,149510,-148975,4.88852
20100721,7/21/2010,-1500,500,2000,0,86965,0,212945,-86340,4.87135
20100722,7/22/2010,-1500,0,1500,1100,88065,0.0175621,153320,-148975,4.91625
20100723,7/23/2010,-2000,0,2000,0,88065,0,217910,-213165,4.89918
20100726,7/26/2010,-2000,0,2000,0,88065,0,217750,-213165,4.88229
20100727,7/27/2010,-2000,0,2000,35,88100,0.00323326,220225,-213130,4.8777
20100728,7/28/2010,-2000,0,2000,0,88100,0,218335,-213130,4.86111
20100729,7/29/2010,-1500,0,1500,1265,89365,0.094657,203580,-200470,5.03335
20100730,7/30/2010,-1500,500,2000,0,89365,0,216030,-187565,5.01634
20100802,8/2/2010,-1500,0,1500,260,89625,0.0201472,206880,-200470,5.06626
20100803,8/3/2010,-1000,0,1000,80,89705,0.00760818,196150,-189955,5.07623
20100804,8/4/2010,-1500,500,2000,0,89705,0,220355,-192455,5.05935
20100805,8/5/2010,-1000,500,1500,180,89885,0.0139914,207100,-179590,5.09014
20100806,8/6/2010,-1000,1000,2000,0,89885,0,218215,-166815,5.07342
20100809,8/9/2010,-1000,1000,2000,0,89885,0,220005,-166815,5.05686
20100810,8/10/2010,-500,1000,1500,3760,93645,0.0298543,88365,-40870,5.132
20100811,8/11/2010,-500,1500,2000,0,93645,0,212155,84225,5.11541
20100812,8/12/2010,-500,1000,1500,800,94445,0.00639514,86120,-40870,5.12122
20100813,8/13/2010,-500,1000,1500,75,94520,0.00117169,146325,-101410,5.10904
20100816,8/16/2010,-500,1000,1500,0,94520,0,145805,-101410,5.09282
20100817,8/17/2010,-500,1500,2000,0,94520,0,212330,-37185,5.07675
20100818,8/18/2010,-500,1000,1500,470,94990,0.00731802,148740,-101410,5.08581
20100819,8/19/2010,-1000,1000,2000,0,94990,0,211060,-165860,5.06996
20100820,8/20/2010,-1000,1000,2000,0,94990,0,210140,-165860,5.05425
20100823,8/23/2010,-1000,1000,2000,1215,96205,0.0188518,207625,-164645,5.09842
20100824,8/24/2010,-1000,1000,2000,0,96205,0,203640,-164645,5.08278
20100825,8/25/2010,-1000,500,1500,2580,98785,-0.0741202,196130,-171305,4.7185
20100826,8/26/2010,-500,1000,1500,1305,100090,0.0107456,82390,-40770,4.73859
20100827,8/27/2010,-500,500,1000,-715,99375,-0.052954,183175,58175,4.50497
20100830,8/30/2010,-1500,500,2000,935,100310,0.0149278,203750,38310,4.53724
20100831,8/31/2010,-1500,500,2000,740,101050,0.00612532,203685,39050,4.54341
20100901,9/1/2010,-1500,500,2000,0,101050,0,209070,39050,4.53018
20100902,9/2/2010,-1500,500,2000,4535,105585,0.0373097,209715,43585,4.61704
20100903,9/3/2010,-1500,500,2000,0,105585,0,214535,43585,4.6037
20100907,9/7/2010,-1500,500,2000,2820,108405,0.0223659,212920,46405,4.65506
20100908,9/8/2010,-1500,0,1500,2555,110960,0.0198208,83955,-82500,4.69958
20100909,9/9/2010,-2000,0,2000,0,110960,0,215720,-214035,4.68618
20100910,9/10/2010,-2000,0,2000,0,110960,0,216610,-214035,4.6729
20100913,9/13/2010,-2000,0,2000,0,110960,0,220160,-214035,4.65974
20100914,9/14/2010,-2000,0,2000,0,110960,0,220340,-214035,4.64668
20100915,9/15/2010,-2000,0,2000,0,110960,0,221745,-214035,4.63373
20100916,9/16/2010,-2000,0,2000,0,110960,0,225270,-214035,4.62089
20100917,9/17/2010,-2000,0,2000,0,110960,0,224795,-214035,4.60816
20100920,9/20/2010,-2000,0,2000,0,110960,0,229690,-214035,4.59553
20100921,9/21/2010,-500,0,500,5635,116595,0.199106,141885,-131535,4.63316
20100922,9/22/2010,-1500,0,1500,0,116595,0,219665,-207325,4.62058
20100923,9/23/2010,-1500,500,2000,0,116595,0,232000,-195110,4.6081
20100924,9/24/2010,-1500,500,2000,0,116595,0,235315,-195110,4.59572
20100927,9/27/2010,-1500,500,2000,150,116745,0.01228,234890,-194960,4.61582
20100928,9/28/2010,-1500,500,2000,0,116745,0,232970,-194960,4.60354
20100929,9/29/2010,-1500,500,2000,0,116745,0,233295,-194960,4.59136
20100930,9/30/2010,-1000,500,1500,10340,127085,0.0786103,88915,-63425,4.7202
20101001,10/1/2010,-1000,500,1500,0,127085,0,89670,-63425,4.70777
20101004,10/4/2010,-1000,1000,2000,0,127085,0,228335,75895,4.69545
20101005,10/5/2010,-1000,500,1500,5150,132235,0.0369653,90580,-63425,4.76703
20101006,10/6/2010,-1500,500,2000,0,132235,0,235385,-208020,4.75465
20101007,10/7/2010,-1500,500,2000,0,132235,0,235935,-208020,4.74236
20101008,10/8/2010,-1500,500,2000,0,132235,0,238505,-208020,4.73017
20101011,10/11/2010,-1500,500,2000,0,132235,0,239585,-208020,4.71807
20101012,10/12/2010,-1500,500,2000,50,132285,0.00404367,241495,-207970,4.7167
20101013,10/13/2010,-500,500,1000,4015,136300,0.0709357,162740,-132180,4.83268
20101014,10/14/2010,-1000,500,1500,0,136300,0,234520,-202930,4.82045
20101015,10/15/2010,-1000,500,1500,355,136655,0.0285944,240670,-202575,4.87399
20101018,10/18/2010,-1500,500,2000,0,136655,0,252920,-212170,4.86175
20101019,10/19/2010,-1000,500,1500,1735,138390,0.024523,176900,-141420,4.90683
20101020,10/20/2010,-1000,1000,2000,0,138390,0,247275,-71885,4.8946
20101021,10/21/2010,-1000,1000,2000,0,138390,0,247265,-71885,4.88246
20101022,10/22/2010,-1000,1000,2000,0,138390,0,246180,-71885,4.87042
20101025,10/25/2010,-1000,1000,2000,0,138390,0,246870,-71885,4.85846
20101026,10/26/2010,-1000,500,1500,980,139370,0.0256005,234380,-83855,4.90516
20101027,10/27/2010,-1000,500,1500,9320,148690,0.0644559,93835,47715,5.00904
20101028,10/28/2010,-1500,500,2000,115,148805,0.00163503,246445,-104790,5.00103
20101029,10/29/2010,-1000,500,1500,2130,150935,0.0139562,95160,47830,5.02245
20101101,11/1/2010,-1000,1000,2000,1210,152145,0.0171753,247510,201130,5.05083
20101102,11/2/2010,-1000,1000,2000,0,152145,0,250465,201130,5.03867
20101103,11/3/2010,-1000,1000,2000,4735,156880,0.0342693,252240,205865,5.09971
20101104,11/4/2010,-1000,500,1500,1310,158190,0.018173,183190,133780,5.12984
20101105,11/5/2010,-1000,500,1500,2165,160355,0.0138427,182610,135945,5.15056
20101108,11/8/2010,-1000,500,1500,1020,161375,0.106305,245945,72310,5.26546
20101109,11/9/2010,-1500,500,2000,0,161375,0,255165,61730,5.25296
20101110,11/10/2010,-1000,500,1500,510,161885,0.00850903,245760,72760,5.26086
20101111,11/11/2010,-1000,1000,2000,515,162400,0.00703264,254985,83880,5.26535
20101112,11/12/2010,-1000,500,1500,160,162560,0.0150872,239020,73275,5.28765
20101115,11/15/2010,-1500,500,2000,0,162560,0,249090,62625,5.2753
20101116,11/16/2010,-1500,500,2000,1715,164275,0.031148,245355,64340,5.328
20101117,11/17/2010,-1500,500,2000,110,164385,0.0103286,244550,64450,5.33981
20101118,11/18/2010,-1000,500,1500,30,164415,0.0028463,239315,74990,5.33438
20101119,11/19/2010,-1000,1000,2000,0,164415,0,249305,85560,5.32211
20101122,11/22/2010,-1000,1000,2000,40,164455,0.00309957,252865,85600,5.3174
20101123,11/23/2010,-1000,1000,2000,0,164455,0,249060,85600,5.30527
20101124,11/24/2010,-1000,1000,2000,180,164635,0.0139914,253685,85780,5.32494
20101126,11/26/2010,-1000,1000,2000,100,164735,0.00946074,252745,85880,5.33483
20101129,11/29/2010,-1000,1000,2000,30,164765,0.002365,253200,85910,5.32848
20101130,11/30/2010,-500,1000,1500,25,164790,0.0019755,236885,98565,5.32127
20101201,12/1/2010,-500,1500,2000,70,164860,0.00656045,254165,111655,5.32472
20101202,12/2/2010,-500,500,1000,485,165345,0.0330194,83440,-60380,5.37905
20101203,12/3/2010,-500,1000,1500,105,165450,0.00977654,242255,98445,5.38949
20101206,12/6/2010,-1000,1000,2000,0,165450,0,256840,85025,5.37756
20101207,12/7/2010,-1000,1000,2000,385,165835,0.00242566,255340,85410,5.37146
20101208,12/8/2010,-500,1000,1500,1370,167205,0.0192632,185030,156530,5.40121
20101209,12/9/2010,-500,1500,2000,60,167265,0.0055325,256475,228740,5.40225
20101210,12/10/2010,-500,1500,2000,1175,168440,0.00738506,257315,229915,5.40744
20101213,12/13/2010,-500,1500,2000,0,168440,0,257350,229915,5.39569
20101214,12/14/2010,-500,1500,2000,0,168440,0,257600,229915,5.38402
20101215,12/15/2010,-500,1500,2000,0,168440,0,257105,229915,5.37242
20101216,12/16/2010,-500,1500,2000,125,168565,0.0017325,257545,230040,5.36496
20101217,12/17/2010,-500,1500,2000,0,168565,0,257485,230040,5.3535
20101220,12/20/2010,-500,1500,2000,0,168565,0,257880,230040,5.34212
20101221,12/21/2010,-500,1500,2000,1820,170385,0.0113551,259555,231860,5.35589
20101222,12/22/2010,-500,1500,2000,700,171085,0.00968523,260095,232560,5.36615
20101223,12/23/2010,-500,1500,2000,0,171085,0,259315,232560,5.35486
20101227,12/27/2010,-500,1500,2000,240,171325,0.00148057,259465,232800,5.34708
20101228,12/28/2010,0,1000,1000,980,172305,0.0460248,83295,83880,5.41683
20101229,12/29/2010,-500,500,1000,285,172590,0.00390545,24455,-3080,5.41443
20101230,12/30/2010,-1500,500,2000,0,172590,0,259600,-238245,5.40319
20101231,12/31/2010,-1500,0,1500,-360,172230,-0.0336183,248615,-249120,5.30059
20110103,1/3/2011,-1500,500,2000,0,172230,0,262940,-238695,5.28971
20110104,1/4/2011,-1500,500,2000,0,172230,0,264085,-238695,5.2789
20110105,1/5/2011,-1500,500,2000,0,172230,0,264995,-238695,5.26816
20110106,1/6/2011,-1500,500,2000,0,172230,0,265990,-238695,5.25748
20110107,1/7/2011,-1500,500,2000,0,172230,0,266655,-238695,5.24687
20110110,1/10/2011,-1500,500,2000,0,172230,0,269500,-238695,5.23632
20110111,1/11/2011,-1500,0,1500,100,172330,0.00959233,258515,-249120,5.24641
20110112,1/12/2011,-1500,0,1500,0,172330,0,261035,-249120,5.23594
20110113,1/13/2011,-2000,0,2000,0,172330,0,271990,-259765,5.22553
20110114,1/14/2011,-2000,0,2000,0,172330,0,273930,-259765,5.21518
20110118,1/18/2011,-2000,0,2000,105,172435,0.00986379,270520,-259660,5.22584
20110119,1/19/2011,-2000,0,2000,0,172435,0,272005,-259660,5.21556
20110120,1/20/2011,-2000,0,2000,65,172500,0.00616698,268890,-259595,5.21866
20110121,1/21/2011,-1000,0,1000,5945,178445,0.0696575,24420,-24430,5.30563
20110124,1/24/2011,-500,0,500,235,178680,0.0168398,10620,-10475,5.32919
20110125,1/25/2011,-1500,0,1500,0,178680,0,262195,-261895,5.31882
20110126,1/26/2011,-1500,500,2000,0,178680,0,277710,-247505,5.3085
20110127,1/27/2011,-1500,500,2000,185,178865,0.00229187,277450,-247320,5.30323
20110128,1/28/2011,-1000,500,1500,2650,181515,0.0155243,104210,-76620,5.32427
20110131,1/31/2011,-1000,1000,2000,0,181515,0,275255,93040,5.31406
20110201,2/1/2011,-1000,500,1500,2855,184370,0.0168278,106515,-76620,5.33738
20110202,2/2/2011,-1500,500,2000,0,184370,0,278560,-248780,5.3272
20110203,2/3/2011,-1000,500,1500,440,184810,0.00255576,106375,-76620,5.32258
20110204,2/4/2011,-1000,1000,2000,0,184810,0,279975,96630,5.3125
20110207,2/7/2011,-1000,1000,2000,0,184810,0,283295,96630,5.30248
20110208,2/8/2011,-1000,1000,2000,4350,189160,0.0251082,285585,100980,5.33949
20110209,2/9/2011,-1000,1000,2000,0,189160,0,286120,100980,5.32948
20110210,2/10/2011,-500,1000,1500,425,189585,0.0405728,273065,111455,5.38759
20110211,2/11/2011,-500,1000,1500,825,190410,0.00464527,273975,112280,5.3873
20110214,2/14/2011,-1000,1000,2000,0,190410,0,285600,101495,5.37729
20110215,2/15/2011,-1000,1000,2000,1525,191935,0.00854701,285575,103020,5.38482
20110216,2/16/2011,-1000,500,1500,-880,191055,-0.0611536,274140,88630,5.20135
20110217,2/17/2011,-500,500,1000,1585,192640,0.0196809,190135,169165,5.2289
20110218,2/18/2011,-1500,500,2000,0,192640,0,282300,73215,5.21936
20110222,2/22/2011,-500,500,1000,1680,194320,0.034901,180210,169165,5.2693
20110223,2/23/2011,0,1000,1000,210,194530,0.0194715,184605,193245,5.29623
20110224,2/24/2011,0,2000,2000,0,194530,0,275855,284275,5.28664
20110225,2/25/2011,0,1500,1500,755,195285,0.0093923,198285,203890,5.29572
20110228,2/28/2011,0,1500,1500,0,195285,0,200630,203890,5.28619
20110301,3/1/2011,-500,1500,2000,0,195285,0,278415,123905,5.27672
20110302,3/2/2011,-500,1500,2000,100,195385,0.00939408,279925,124005,5.28581
20110303,3/3/2011,-500,1000,1500,150,195535,0.01396,274620,113260,5.30315
20110304,3/4/2011,-1000,1000,2000,0,195535,0,284670,102480,5.29373
20110307,3/7/2011,0,1000,1000,195,195730,0.0164838,190540,193245,5.31536
20110308,3/8/2011,0,2000,2000,0,195730,0,282540,284950,5.30597
20110309,3/9/2011,0,1500,1500,-3715,192015,-0.0206446,106475,105000,5.24929
20110310,3/10/2011,0,2000,2000,0,192015,0,277445,278335,5.2401
20110311,3/11/2011,0,1500,1500,2660,194675,0.015346,104490,105000,5.25972
20110314,3/14/2011,0,1500,1500,0,194675,0,103960,105000,5.25057
20110315,3/15/2011,0,1500,1500,0,194675,0,102295,105000,5.24146
20110316,3/16/2011,0,1500,1500,-900,193775,-0.0676946,251410,256710,5.04592
20110317,3/17/2011,-500,1500,2000,0,193775,0,266750,244320,5.03729
20110318,3/18/2011,-500,1500,2000,330,194105,0.00199994,265645,244650,5.03264
20110321,3/21/2011,-500,1000,1500,4315,198420,0.0260985,101600,79315,5.06875
20110322,3/22/2011,-1000,1000,2000,0,198420,0,272325,-91285,5.06015
20110323,3/23/2011,-500,1000,1500,1005,199425,0.00589097,102680,79315,5.0629
20110324,3/24/2011,-500,1500,2000,0,199425,0,275600,251800,5.05436
20110325,3/25/2011,-500,1500,2000,0,199425,0,279855,251800,5.04587
20110328,3/28/2011,-500,1500,2000,2735,202160,0.0158565,278780,254535,5.06602
20110329,3/29/2011,-500,1000,1500,-125,202035,-0.0365299,269665,244270,4.97201
20110330,3/30/2011,-500,1000,1500,0,202035,0,268920,244270,4.96376
20110331,3/31/2011,-1000,1000,2000,95,202130,0.0011665,278575,234275,4.9578
20110401,4/1/2011,-500,500,1000,830,202960,0.0301536,185020,162830,4.99887
20110404,4/4/2011,-1000,500,1500,0,202960,0,265495,80705,4.99064
20110405,4/5/2011,-500,1000,1500,130,203090,0.00158295,192190,172685,4.98549
20110406,4/6/2011,-500,1000,1500,120,203210,0.0121766,264115,244850,4.99936
20110407,4/7/2011,-500,1000,1500,710,203920,0.0573043,261245,247225,5.06782
20110408,4/8/2011,-500,1500,2000,5,203925,6.09607e-05,272600,260265,5.05967
20110411,4/11/2011,-500,1500,2000,0,203925,0,270425,260265,5.05144
20110412,4/12/2011,-500,1500,2000,0,203925,0,270525,260265,5.04326
20110413,4/13/2011,-500,1500,2000,125,204050,0.0124813,272745,260390,5.05739
20110414,4/14/2011,-500,1500,2000,460,204510,0.00560805,271195,260850,5.05964
20110415,4/15/2011,-500,1500,2000,0,204510,0,269395,260850,5.05151
20110418,4/18/2011,-500,1000,1500,-8730,195780,-0.0390788,105320,86195,4.95375
20110419,4/19/2011,-1000,1000,2000,0,195780,0,274135,-82735,4.94586
20110420,4/20/2011,-1000,1000,2000,0,195780,0,277165,-82735,4.93802
20110421,4/21/2011,-1000,1000,2000,0,195780,0,282980,-82735,4.93021
20110425,4/25/2011,-1000,1000,2000,0,195780,0,284115,-82735,4.92244
20110426,4/26/2011,-1000,1000,2000,1275,197055,0.015367,283790,-81460,4.94114
20110427,4/27/2011,-1000,500,1500,1095,198150,0.023049,199580,-165550,4.97123
20110428,4/28/2011,-1500,500,2000,0,198150,0,283520,-250940,4.96345
20110429,4/29/2011,-1000,500,1500,100,198250,0.0011711,199600,-165550,4.95787
20110502,5/2/2011,-1000,1000,2000,0,198250,0,283500,-79475,4.95016
20110503,5/3/2011,-1000,500,1500,360,198610,0.0041824,198620,-165550,4.95009
20110504,5/4/2011,-1500,500,2000,0,198610,0,284875,-250860,4.94244
20110505,5/5/2011,-1500,500,2000,0,198610,0,282305,-250860,4.93482
20110506,5/6/2011,-1500,500,2000,865,199475,0.0101395,282335,-249995,4.94498
20110509,5/9/2011,-1500,500,2000,0,199475,0,282645,-249995,4.9374
20110510,5/10/2011,-1000,500,1500,1705,201180,0.173802,272750,-240185,4.95668
20110511,5/11/2011,-500,1000,1500,4685,205865,0.0277334,109135,-59550,4.99072
20110512,5/12/2011,-500,1000,1500,0,205865,0,110635,-59550,4.98312
20110513,5/13/2011,-1000,1000,2000,0,205865,0,279430,-229800,4.97556
20110516,5/16/2011,-500,1000,1500,3600,209465,0.0211454,108535,-59550,5.00084
20110517,5/17/2011,-500,1000,1500,70,209535,0.00598035,109285,-59480,5.00337
20110518,5/18/2011,-500,1000,1500,-845,208690,-0.0640637,267095,97265,4.84903
20110519,5/19/2011,-500,1000,1500,0,208690,0,267330,97265,4.84178
20110520,5/20/2011,-1000,1000,2000,0,208690,0,276545,85020,4.83457
20110523,5/23/2011,-500,1000,1500,315,209005,0.00373024,190715,169465,4.83363
20110524,5/24/2011,-500,1500,2000,170,209175,0.0138832,273470,253630,4.84844
20110525,5/25/2011,-500,1500,2000,0,209175,0,275700,253630,4.84128
20110526,5/26/2011,-500,1500,2000,0,209175,0,274675,253630,4.83414
20110527,5/27/2011,-500,1500,2000,0,209175,0,275940,253630,4.82704
20110531,5/31/2011,-500,1500,2000,0,209175,0,282140,253630,4.81997
20110601,6/1/2011,-500,1500,2000,2820,211995,0.0165946,279250,256450,4.8386
20110602,6/2/2011,-500,1000,1500,295,212290,0.00170762,106200,83695,4.8344
20110603,6/3/2011,0,1000,1000,120,212410,0.00993789,93390,95770,4.84327
20110606,6/6/2011,-500,1500,2000,0,212410,0,274315,-61245,4.83625
20110607,6/7/2011,0,1500,1500,3000,215410,0.0177494,104905,107775,4.85638
20110608,6/8/2011,0,1500,1500,-865,214545,-0.0734607,260260,262120,4.68206
20110609,6/9/2011,-500,1500,2000,0,214545,0,271025,251240,4.67536
20110610,6/10/2011,0,1500,1500,190,214735,0.0174632,256395,262120,4.69494
20110613,6/13/2011,0,2000,2000,15,214750,0.00124948,267600,272830,4.69029
20110614,6/14/2011,0,2000,2000,0,214750,0,271300,272830,4.68363
20110615,6/15/2011,0,1500,1500,-2815,211935,-0.03229,185955,188850,4.61588
20110616,6/16/2011,0,2000,2000,0,211935,0,266625,270185,4.60938
20110617,6/17/2011,0,2000,2000,0,211935,0,265075,270185,4.6029
20110620,6/20/2011,0,2000,2000,1390,213325,0.0323333,263070,271575,4.64062
20110621,6/21/2011,0,2000,2000,0,213325,0,268965,271575,4.63412
20110622,6/22/2011,0,2000,2000,420,213745,0.0113555,267170,271995,4.64501
20110623,6/23/2011,0,2000,2000,0,213745,0,271845,271995,4.63854
20110624,6/24/2011,0,2000,2000,0,213745,0,268460,271995,4.6321
20110627,6/27/2011,0,2000,2000,1245,214990,0.0340217,273100,273240,4.67129
20110628,6/28/2011,0,1500,1500,1195,216185,0.0142584,191275,189430,4.68616
20110629,6/29/2011,-500,1000,1500,1110,217295,0.0220844,108775,-61750,4.7113
20110630,6/30/2011,-500,0,500,560,217855,0.0493793,85775,-85270,4.76444
20110701,7/1/2011,-1500,500,2000,0,217855,0,283175,62085,4.75787
20110705,7/5/2011,-1000,500,1500,45,217900,0.00399467,275445,73350,4.75761
20110706,7/6/2011,-1000,1000,2000,0,217900,0,289275,84725,4.75109
20110707,7/7/2011,-1000,1000,2000,6970,224870,0.0406106,291840,91695,4.79607
20110708,7/8/2011,-1000,1000,2000,170,225040,0.0149451,293105,91865,4.81153
20110711,7/11/2011,-1000,1000,2000,0,225040,0,289235,91865,4.80498
20110712,7/12/2011,-1000,1000,2000,0,225040,0,288395,91865,4.79845
20110713,7/13/2011,-1000,1000,2000,0,225040,0,290725,91865,4.79195
20110714,7/14/2011,-1000,1000,2000,0,225040,0,290370,91865,4.78548
20110715,7/15/2011,-1000,1000,2000,3860,228900,0.0216125,294805,95725,4.80945
20110718,7/18/2011,-1000,1000,2000,0,228900,0,298975,95725,4.80298
20110719,7/19/2011,-1000,1000,2000,0,228900,0,306330,95725,4.79654
20110720,7/20/2011,-1000,1000,2000,0,228900,0,310300,95725,4.79012
20110721,7/21/2011,-500,1000,1500,18365,247265,0.145504,218600,192180,4.84256
20110722,7/22/2011,-1000,1000,2000,0,247265,0,314570,99590,4.8361
20110725,7/25/2011,-500,1000,1500,945,248210,0.0726364,302615,112600,4.89969
20110726,7/26/2011,-1000,1000,2000,1125,249335,0.0121503,318660,99685,4.91047
20110727,7/27/2011,-1000,1000,2000,2650,251985,0.0136848,311900,102335,4.92325
20110728,7/28/2011,-1000,1000,2000,745,252730,0.0189977,311945,103080,4.94271
20110729,7/29/2011,-1000,500,1500,-380,252350,-0.0329147,299865,91535,4.8782
20110801,8/1/2011,-1500,500,2000,750,253100,0.0220093,313505,81165,4.90119
20110802,8/2/2011,-1500,500,2000,0,253100,0,307740,81165,4.89475
20110803,8/3/2011,-1500,500,2000,390,253490,0.0321691,310065,81555,4.92871
20110804,8/4/2011,-1500,500,2000,0,253490,0,297820,81555,4.92226
20110805,8/5/2011,-1500,500,2000,1130,254620,0.0928299,296535,82685,4.98858
20110808,8/8/2011,-1500,500,2000,0,254620,0,282010,82685,4.98207
20110809,8/9/2011,-1500,500,2000,145,254765,0.0130331,295400,82830,4.99359
20110810,8/10/2011,-1500,500,2000,0,254765,0,285180,82830,4.9871
20110811,8/11/2011,-1500,500,2000,7205,261970,0.092812,293190,90035,5.05213
20110812,8/12/2011,-1500,500,2000,0,261970,0,295470,90035,5.04558
20110815,8/15/2011,-1500,500,2000,0,261970,0,301400,90035,5.03906
20110816,8/16/2011,-1500,500,2000,0,261970,0,298930,90035,5.03256
20110817,8/17/2011,-1500,0,1500,-6075,255895,-0.0309483,108700,-106260,4.97402
20110818,8/18/2011,-1500,0,1500,2125,258020,0.0783278,104135,-104135,5.0357
20110819,8/19/2011,0,0,0,3745,261765,0.0928626,0,0,5.09929
20110822,8/22/2011,0,1500,1500,0,261765,0,269700,269700,5.09276
20110823,8/23/2011,0,500,500,11620,273385,0.112591,9855,9855,5.15419
20110824,8/24/2011,-1500,500,2000,0,273385,0,293820,-274065,5.14761
20110825,8/25/2011,-500,500,1000,755,274140,0.020329,196570,-178235,5.16661
20110826,8/26/2011,-500,1500,2000,30,274170,0.00304414,298870,-81010,5.16424
20110829,8/29/2011,-500,500,1000,2005,276175,0.047383,207905,-175465,5.2079
20110830,8/30/2011,-1000,500,1500,490,276665,0.0388119,218230,-185095,5.24469
20110831,8/31/2011,-1000,500,1500,0,276665,0,215780,-185095,5.23804
20110901,9/1/2011,-1000,500,1500,0,276665,0,213615,-185095,5.23143
20110902,9/2/2011,-1500,500,2000,300,276965,0.0296443,293235,-268285,5.25977
20110906,9/6/2011,-1500,500,2000,0,276965,0,294950,-268285,5.25315
20110907,9/7/2011,-1500,500,2000,0,276965,0,298660,-268285,5.24655
20110908,9/8/2011,-1500,500,2000,865,277830,0.0103605,297755,-267420,5.25358
20110909,9/9/2011,-1500,500,2000,0,277830,0,292145,-267420,5.24701
20110912,9/12/2011,-1500,500,2000,1415,279245,0.0171256,294265,-266005,5.26205
20110913,9/13/2011,-1500,500,2000,0,279245,0,297425,-266005,5.2555
20110914,9/14/2011,-1500,500,2000,135,279380,0.0102936,302080,-265870,5.26243
20110915,9/15/2011,-1000,500,1500,8390,287770,0.0446063,109310,-77780,5.30303
20110916,9/16/2011,-1000,1000,2000,0,287770,0,311290,122470,5.29646
20110919,9/19/2011,-1000,1000,2000,355,288125,0.0267925,316950,122825,5.32158
20110920,9/20/2011,-1000,1000,2000,0,288125,0,318675,122825,5.31501
20110921,9/21/2011,-1000,1000,2000,0,288125,0,316545,122825,5.30847
20110922,9/22/2011,-1000,1000,2000,660,288785,0.00329588,308560,123485,5.30639
20110923,9/23/2011,-1000,500,1500,1240,290025,0.00617192,108280,-77425,5.30807
20110926,9/26/2011,-1000,500,1500,1300,291325,0.132383,301560,-269190,5.35593
20110927,9/27/2011,-1500,500,2000,0,291325,0,312590,-280460,5.34938
20110928,9/28/2011,-1500,500,2000,0,291325,0,311225,-280460,5.34286
20110929,9/29/2011,-1500,500,2000,6300,297625,0.0312523,308700,-274160,5.37132
20110930,9/30/2011,-1000,500,1500,5225,302850,0.076922,110550,-78275,5.42583
20111003,10/3/2011,0,500,500,5795,308645,0.100665,12265,13605,5.48181
20111004,10/4/2011,-500,1000,1500,0,308645,0,110650,-63155,5.47515
20111005,10/5/2011,-500,500,1000,315,308960,0.029689,101370,-73765,5.50146
20111006,10/6/2011,-1000,500,1500,0,308960,0,115030,-84780,5.49481
20111007,10/7/2011,-1000,1000,2000,0,308960,0,300365,100120,5.48818
20111010,10/10/2011,-1000,0,1000,9370,318330,0.0414833,104750,-98385,5.52399
20111011,10/11/2011,-1500,0,1500,0,318330,0,117495,-111885,5.51734
20111012,10/12/2011,-1000,0,1000,20,318350,0.00148148,104620,-98385,5.51264
20111013,10/13/2011,-1000,500,1500,0,318350,0,118695,-84795,5.50604
20111014,10/14/2011,-1000,500,1500,0,318350,0,120650,-84795,5.49946
20111017,10/17/2011,-1000,500,1500,0,318350,0,118425,-84795,5.4929
20111018,10/18/2011,-1000,0,1000,65,318415,0.00478293,101150,-98385,5.49244
20111019,10/19/2011,-1500,500,2000,0,318415,0,313690,87360,5.48592
20111020,10/20/2011,-1000,500,1500,45,318460,0.00331736,298085,100925,5.48365
20111021,10/21/2011,-1000,1000,2000,0,318460,0,312845,114505,5.47717
20111024,10/24/2011,-1000,500,1500,15,318475,0.00110457,306305,100925,5.47214
20111025,10/25/2011,-1000,500,1500,2810,321285,0.0321621,224605,174890,5.50013
20111026,10/26/2011,-1000,1000,2000,990,322275,0.00496714,316930,266865,5.49992
20111027,10/27/2011,-500,500,1000,3505,325780,0.162204,215970,186895,5.52261
20111028,10/28/2011,-500,500,1000,2175,327955,0.0108587,215965,189070,5.52899
20111031,10/31/2011,-1500,500,2000,90,328045,0.00671391,320290,84575,5.53064
20111101,11/1/2011,0,500,500,2280,330325,0.0678782,198255,202475,5.57876
20111102,11/2/2011,0,2000,2000,0,330325,0,315595,319365,5.57226
20111103,11/3/2011,0,2000,2000,0,330325,0,320550,319365,5.56578
20111104,11/4/2011,0,2000,2000,0,330325,0,318305,319365,5.55932
20111107,11/7/2011,0,2000,2000,2310,332635,0.0668886,319065,321675,5.60659
20111108,11/8/2011,0,1500,1500,640,333275,0.00316088,119580,119200,5.60395
20111109,11/9/2011,-500,1500,2000,0,333275,0,313780,-78440,5.59748
20111110,11/10/2011,-500,1500,2000,0,333275,0,309455,-78440,5.59103
20111111,11/11/2011,-500,1500,2000,0,333275,0,311880,-78440,5.5846
20111114,11/14/2011,-500,1500,2000,190,333465,0.0145753,309000,-78250,5.59477
20111115,11/15/2011,-500,1000,1500,355,333820,0.0288266,302160,-90565,5.61842
20111116,11/16/2011,-1000,1000,2000,5255,339075,0.0265887,311200,-97780,5.64008
20111117,11/17/2011,-1000,1000,2000,0,339075,0,306510,-97780,5.63364
20111118,11/18/2011,-1000,1000,2000,325,339400,0.0260626,304885,-97455,5.65477
20111121,11/21/2011,-1000,1000,2000,0,339400,0,299530,-97455,5.64833
20111122,11/22/2011,-1000,1000,2000,525,339925,0.0432277,302925,-96930,5.6826
20111123,11/23/2011,-500,1000,1500,270,340195,0.0232358,284705,-85310,5.70105
20111125,11/25/2011,-500,1500,2000,0,340195,0,293830,-73945,5.69459
20111128,11/28/2011,-500,1500,2000,0,340195,0,303330,-73945,5.68815
20111129,11/29/2011,-500,1000,1500,-555,339640,-0.0357388,288860,-86920,5.62981
20111130,11/30/2011,-500,0,500,990,340630,0.0598732,191100,-192385,5.67279
20111201,12/1/2011,-2000,0,2000,0,340630,0,313790,-312210,5.66642
20111202,12/2/2011,-2000,0,2000,0,340630,0,314610,-312210,5.66006
20111205,12/5/2011,-2000,0,2000,0,340630,0,317280,-312210,5.65373
20111206,12/6/2011,-2000,0,2000,0,340630,0,317450,-312210,5.64742
20111207,12/7/2011,-2000,0,2000,0,340630,0,317200,-312210,5.64113
20111208,12/8/2011,-1500,0,1500,2945,343575,0.0153078,120845,-119825,5.65177
20111209,12/9/2011,-2000,0,2000,0,343575,0,319445,-316635,5.6455
20111212,12/12/2011,-1500,0,1500,460,344035,0.0369181,304765,-304175,5.67475
20111213,12/13/2011,-1500,0,1500,2405,346440,0.0122199,302860,-301770,5.68217
20111214,12/14/2011,-1000,0,1000,4310,350750,0.0221702,107155,-107365,5.69929
20111215,12/15/2011,-1000,1000,2000,0,350750,0,307645,93760,5.69301
20111216,12/16/2011,-1000,1000,2000,2940,353690,0.0310372,306910,96700,5.71762
20111219,12/19/2011,-1000,1000,2000,0,353690,0,306865,96700,5.71133
20111220,12/20/2011,-1000,1000,2000,0,353690,0,316530,96700,5.70507
20111221,12/21/2011,-500,1000,1500,1050,354740,0.0114398,222945,188485,5.71163
20111222,12/22/2011,0,1500,1500,265,355005,0.0209652,302305,292145,5.72752
20111223,12/23/2011,0,1000,1000,14095,369100,0.126012,213865,213865,5.76771
20111227,12/27/2011,-1000,1000,2000,0,369100,0,321040,108370,5.76142
20111228,12/28/2011,-1000,1000,2000,0,369100,0,318340,108370,5.75515
20111229,12/29/2011,-1000,1000,2000,10,369110,0.000768049,320935,108380,5.7498
20111230,12/30/2011,-500,1000,1500,865,369975,0.00644645,306565,122225,5.75084
20120103,1/3/2012,-500,1500,2000,70,370045,0.0057377,324420,135680,5.75112
20120104,1/4/2012,-500,1000,1500,285,370330,0.0232274,313190,123410,5.76861
20120105,1/5/2012,-1000,1000,2000,7115,377445,0.0677341,327885,117825,5.81208
20120106,1/6/2012,-1000,1000,2000,0,377445,0,329150,117825,5.80581
20120109,1/9/2012,-1000,1000,2000,3415,380860,0.0276438,328265,121240,5.82683
20120110,1/10/2012,-1000,1000,2000,0,380860,0,328990,121240,5.82057
20120111,1/11/2012,-1000,1000,2000,410,381270,0.00194437,329195,121650,5.81656
20120112,1/12/2012,-1000,1000,2000,650,381920,0.0150999,327845,122300,5.82639
20120113,1/13/2012,0,1000,1000,825,382745,0.0179349,224030,225275,5.83889
20120117,1/17/2012,0,2000,2000,130,382875,0.00928571,329000,327925,5.84286
20120118,1/18/2012,0,2000,2000,0,382875,0,331900,327925,5.83663
20120119,1/19/2012,0,2000,2000,555,383430,0.0264512,331010,328480,5.85652
20120120,1/20/2012,0,1000,1000,1100,384530,0.0805719,304410,301535,5.90156
20120123,1/23/2012,-500,1000,1500,4730,389260,0.0524042,323560,291400,5.93795
20120124,1/24/2012,-500,500,1000,975,390235,0.0102642,224875,196410,5.94276
20120125,1/25/2012,-1000,500,1500,0,390235,0,251560,182960,5.93646
20120126,1/26/2012,-1000,500,1500,190,390425,0.0133125,332555,101035,5.94431
20120127,1/27/2012,-1000,1000,2000,12365,402790,0.0585256,346850,126765,5.98302
20120130,1/30/2012,-1000,500,1500,2865,405655,0.0128108,124425,-96875,5.9903
20120131,1/31/2012,-1000,500,1500,0,405655,0,124275,-96875,5.98398
20120201,2/1/2012,-1500,500,2000,0,405655,0,352625,-324970,5.97769
20120202,2/2/2012,-1500,500,2000,0,405655,0,351545,-324970,5.97141
20120203,2/3/2012,-1500,0,1500,5,405660,0.000374111,341780,-338335,5.96558
20120206,2/6/2012,-2000,0,2000,0,405660,0,356855,-351695,5.95935
20120207,2/7/2012,-2000,0,2000,0,405660,0,359585,-351695,5.95313
20120208,2/8/2012,-2000,0,2000,0,405660,0,363570,-351695,5.94693
20120209,2/9/2012,-2000,0,2000,0,405660,0,371965,-351695,5.94076
20120210,2/10/2012,-1500,0,1500,10,405670,0.000748503,358170,-338335,5.93544
20120213,2/13/2012,-1500,500,2000,0,405670,0,376250,-324985,5.9293
20120214,2/14/2012,-1500,500,2000,0,405670,0,379355,-324985,5.92318
20120215,2/15/2012,-1500,500,2000,0,405670,0,373275,-324985,5.91707
20120216,2/16/2012,-500,500,1000,1980,407650,0.0762286,264520,-214680,5.9598
20120217,2/17/2012,-500,500,1000,270,407920,0.0201267,266685,-212470,5.97368
20120221,2/21/2012,-1500,500,2000,0,407920,0,383420,-322745,5.96755
20120222,2/22/2012,-1000,500,1500,215,408135,0.0158321,369090,-309165,5.97756
20120223,2/23/2012,-500,1000,1500,30160,438295,0.135803,127820,-67680,6.0067
20120224,2/24/2012,-1000,1000,2000,0,438295,0,389175,-328885,6.00055
20120227,2/27/2012,-1000,1000,2000,115,438410,0.00862716,390765,-328770,6.00346
20120228,2/28/2012,-1000,1000,2000,0,438410,0,396250,-328770,5.99734
20120229,2/29/2012,-1000,1000,2000,185,438595,0.0117947,398895,-328585,6.00333
20120301,3/1/2012,-1000,500,1500,275,438870,0.0173283,384430,-344455,6.01439
20120302,3/2/2012,-1000,500,1500,0,438870,0,385455,-344455,6.00829
20120305,3/5/2012,-1500,500,2000,0,438870,0,396080,-360355,6.00221
20120306,3/6/2012,-1500,500,2000,0,438870,0,392845,-360355,5.99615
20120307,3/7/2012,-1500,500,2000,0,438870,0,393605,-360355,5.9901
20120308,3/8/2012,-1500,500,2000,0,438870,0,400325,-360355,5.98408
20120309,3/9/2012,-1500,500,2000,0,438870,0,402425,-360355,5.97807
20120312,3/12/2012,-1500,500,2000,50,438920,0.00371885,406015,-360305,5.97604
20120313,3/13/2012,-1000,500,1500,5195,444115,0.0537256,314130,-263610,6.01072
20120314,3/14/2012,-1000,1000,2000,235,444350,0.0174139,427265,-161015,6.02176
20120315,3/15/2012,-1000,1000,2000,0,444350,0,426080,-161015,6.01574
20120316,3/16/2012,-500,1000,1500,32225,476575,0.127202,133170,100835,6.04832
20120319,3/19/2012,-500,1000,1500,140,476715,0.0101966,132830,100975,6.05258
20120320,3/20/2012,-980,1000,1980,0,476715,0,422856,-189886,6.04656
20120321,3/21/2012,-980,1020,2000,20,476735,0.00144196,409340,-177816,6.04208
20120322,3/22/2012,-980,1020,2000,0,476735,0,408391,-177816,6.0361
20120323,3/23/2012,-980,1020,2000,0,476735,0,406868,-177816,6.03013
20120326,3/26/2012,-480,1000,1480,689.6,477425,0.0470373,409330,-173761,6.06093
20120327,3/27/2012,-980,1000,1980,0,477425,0,428895,-190021,6.05495
20120328,3/28/2012,-480,1000,1480,805,478230,0.0163609,414003,-173121,6.06475
20120329,3/29/2012,-480,1500,1980,0,478230,0,427008,-157061,6.05879
20120330,3/30/2012,0,1000,1000,3146.8,481376,0.0149369,118385,117740,6.06734
20120402,4/2/2012,0,500,500,1185,482561,0.0172566,104735,104735,6.07788
20120403,4/3/2012,-1467,500,1967,0,482561,0,428667,-219182,6.07193
20120404,4/4/2012,-1467,533,2000,0,482561,0,403546,-198580,6.066
20120405,4/5/2012,-1467,533,2000,0,482561,0,407547,-198580,6.06009
20120409,4/9/2012,-1467,533,2000,595,483156,0.0387504,408024,-197985,6.08605
20120410,4/10/2012,0,533,533,880.96,484037,0.0328227,121904,125337,6.10825
20120411,4/11/2012,0,1970,1970,62.37,484100,0.00302734,424704,428149,6.10545
20120412,4/12/2012,0,1970,1970,0,484100,0,425092,428149,6.09953
20120413,4/13/2012,0,1970,1970,0,484100,0,415308,428149,6.09362
20120416,4/16/2012,0,1970,1970,645,484745,0.0441604,403766,428794,6.12237
20120417,4/17/2012,0,1470,1470,180,484925,0.011583,404519,413254,6.12781
20120418,4/18/2012,-500,1470,1970,0,484925,0,415530,397684,6.1219
20120419,4/19/2012,-500,1470,1970,0,484925,0,405202,397684,6.11601
20120420,4/20/2012,-500,1470,1970,0,484925,0,399111,397684,6.11013
20120423,4/23/2012,-500,1470,1970,0,484925,0,397794,397684,6.10427
20120424,4/24/2012,-500,970,1470,-4735,480190,-0.0452093,292947,292949,6.03921
20120425,4/25/2012,-500,970,1470,0,480190,0,316730,292949,6.03346
20120426,4/26/2012,-500,970,1470,0,480190,0,315784,292949,6.02773
20120427,4/27/2012,-1000,970,1970,0,480190,0,416995,189544,6.02201
20120430,4/30/2012,-1000,970,1970,0,480190,0,408221,189544,6.0163
20120501,5/1/2012,-1000,970,1970,270,480460,0.0190074,408081,189814,6.02811
20120502,5/2/2012,-1000,0,1000,-18788.4,461671,-0.0562839,119930,-118975,5.94614
20120503,5/3/2012,-1500,0,1500,0,461671,0,133780,-133255,5.94056
20120504,5/4/2012,-1500,487,1987,0,461671,0,407212,142022,5.93498
20120507,5/7/2012,-1500,487,1987,2175,463846,0.0585428,408417,144197,5.96943
20120508,5/8/2012,-1500,487,1987,0,463846,0,406379,144197,5.96384
20120509,5/9/2012,-1500,487,1987,3458.91,467305,0.0398539,406781,147656,5.98969
20120510,5/10/2012,-1500,0,1500,652.58,467958,0.00235426,129290,-129535,5.98646
20120511,5/11/2012,-1991,0,1991,30,467988,0.000298166,408235,-407760,5.98118
20120514,5/14/2012,-1000,0,1000,5033.59,473021,0.0235809,28850,-28920,5.99635
20120515,5/15/2012,-500,1000,1500,375,473396,0.0257569,389545,362665,6.01308
20120516,5/16/2012,0,1000,1000,535,473931,0.0176035,287990,291535,6.02356
20120517,5/17/2012,-500,1000,1500,0,473931,0,378865,192590,6.01797
20120518,5/18/2012,-500,1000,1500,0,473931,0,377765,192590,6.0124
20120521,5/21/2012,-500,1500,2000,0,473931,0,407470,205665,6.00685
20120522,5/22/2012,-500,1500,2000,535,474466,0.00540704,404790,206200,6.0066
20120523,5/23/2012,-500,1000,1500,8695,483161,0.031437,125335,-70385,6.0271
20120524,5/24/2012,-1000,1000,2000,365,483526,0.00370897,408065,-352680,6.02521
20120525,5/25/2012,-1000,1000,2000,0,483526,0,405695,-352680,6.01968
20120529,5/29/2012,-1000,1000,2000,0,483526,0,412190,-352680,6.01416
20120530,5/30/2012,-1000,1000,2000,0,483526,0,414585,-352680,6.00866
20120531,5/31/2012,-1000,1000,2000,1595,485121,0.016268,412830,-351085,6.01799
20120601,6/1/2012,-1000,1000,2000,0,485121,0,401830,-351085,6.0125
20120604,6/4/2012,-1000,1000,2000,2180,487301,0.0226024,403210,-348905,6.02675
20120605,6/5/2012,-1000,1000,2000,0,487301,0,402985,-348905,6.02127
20120606,6/6/2012,-1000,1000,2000,0,487301,0,410435,-348905,6.0158
20120607,6/7/2012,-1000,500,1500,-335,486966,-0.022408,396050,-363855,5.98508
20120608,6/8/2012,-1500,500,2000,0,486966,0,415760,-378680,5.97967
20120611,6/11/2012,-1500,500,2000,0,486966,0,409285,-378680,5.97427
20120612,6/12/2012,-1500,0,1500,185,487151,0.0141491,400000,-391755,5.98183
20120613,6/13/2012,-1500,0,1500,260,487411,0.0175379,397195,-391495,5.99213
20120614,6/14/2012,-1500,500,2000,0,487411,0,411475,-378005,5.98675
20120615,6/15/2012,-1000,0,1000,4585,491996,0.0289273,114560,-108835,6.00532
20120618,6/18/2012,-1989,0,1989,0,491996,0,414221,-408991,5.99994
20120619,6/19/2012,-1989,11,2000,0,491996,0,409352,-402530,5.99457
20120620,6/20/2012,-1989,11,2000,0,491996,0,408659,-402530,5.98922
20120621,6/21/2012,-1989,11,2000,0,491996,0,401246,-402530,5.98388
20120622,6/22/2012,-1984,11,1995,2039.52,494036,0.0237877,401003,-397580,5.99884
20120625,6/25/2012,-500,11,511,8088.72,502125,0.0754133,21213.5,-8103.49,6.03542
20120626,6/26/2012,-500,1011,1511,0,502125,0,130282,100877,6.03006
20120627,6/27/2012,-500,1011,1511,0,502125,0,131014,100877,6.02471
20120628,6/28/2012,-500,1500,2000,0,502125,0,408095,379142,6.01937
20120629,6/29/2012,-500,511,1011,9125.55,511250,0.045183,35044,4901.51,6.04677
20120702,7/2/2012,-1489,511,2000,330,511580,0.0253749,409755,-382426,6.06264
20120703,7/3/2012,-1489,11,1500,95,511675,0.00712411,399863,-395761,6.06398
20120705,7/5/2012,-1489,11,1500,1055,512730,0.0566538,402471,-394201,6.09576
20120706,7/6/2012,-1489,511,2000,0,512730,0,413491,-379106,6.09039
20120709,7/9/2012,-1489,511,2000,3000,515730,0.0430903,416359,-376106,6.11652
20120710,7/10/2012,-1489,511,2000,228.8,515959,0.0354097,411504,-375877,6.13853
20120711,7/11/2012,-1489,511,2000,2600,518559,0.0531088,408888,-373277,6.16876
20120712,7/12/2012,-1489,511,2000,0,518559,0,404504,-373277,6.16334
20120713,7/13/2012,-1489,511,2000,0,518559,0,409501,-373277,6.15793
20120716,7/16/2012,-1489,511,2000,360,518919,0.0127234,409783,-372917,6.16399
20120717,7/17/2012,-989,511,1500,570,519489,0.00616916,317637,-280522,6.16438
20120718,7/18/2012,-989,511,1500,130,519619,0.00861212,397022,-201492,6.16694
20120719,7/19/2012,-989,511,1500,0,519619,0,404345,-201492,6.16156
20120720,7/20/2012,-1489,511,2000,0,519619,0,412900,-216552,6.15619
20120723,7/23/2012,-1489,511,2000,0,519619,0,411316,-216552,6.15084
20120724,7/24/2012,-500,511,1011,4652.6,524272,0.0511564,116355,86240.3,6.18001
20120725,7/25/2012,0,511,511,160,524432,0.0109777,101865,100815,6.18457
20120726,7/26/2012,0,2000,2000,2850,527282,0.0302789,411745,412112,6.20321
20120727,7/27/2012,0,1000,1000,1520,528802,0.0331567,305590,300557,6.22354
20120730,7/30/2012,-1000,1000,2000,0,528802,0,423555,187397,6.21816
20120731,7/31/2012,-1000,989,1989,128.05,528930,0.0120358,424237,180806,6.22357
20120801,8/1/2012,-1000,989,1989,865,529795,0.0153864,421990,181671,6.23167
20120802,8/2/2012,-1000,989,1989,105,529900,0.00817121,421984,181776,6.23379
20120803,8/3/2012,-1000,1000,2000,19961,549861,0.0710061,435100,208510,6.26764
20120806,8/6/2012,-1000,500,1500,3625,553486,0.0265636,127510,-99140,6.2837
20120807,8/7/2012,-1500,0,1500,95,553581,0.00722159,425550,-422750,6.28493
20120808,8/8/2012,-2000,0,2000,0,553581,0,437910,-436050,6.27953
20120809,8/9/2012,-2000,0,2000,90,553671,0.000289897,438175,-435960,6.27443
20120810,8/10/2012,-2000,0,2000,0,553671,0,439145,-435960,6.26906
20120813,8/13/2012,-2000,0,2000,0,553671,0,443045,-435960,6.26371
20120814,8/14/2012,-2000,0,2000,60,553731,0.00451128,443295,-435900,6.26257
20120815,8/15/2012,-2000,0,2000,0,553731,0,442850,-435900,6.25723
20120816,8/16/2012,-2000,0,2000,0,553731,0,447275,-435900,6.25192
20120817,8/17/2012,-1500,0,1500,75,553806,0.00566465,440115,-422660,6.25183
20120820,8/20/2012,-1500,500,2000,0,553806,0,461310,-409545,6.24653
20120821,8/21/2012,-1500,500,2000,0,553806,0,455810,-409545,6.24125
20120822,8/22/2012,-500,500,1000,1600,555406,0.0490279,347300,-297250,6.26876
20120823,8/23/2012,-500,1500,2000,0,555406,0,456815,-184270,6.26347
20120824,8/24/2012,-500,1000,1500,150,555556,0.00991408,442950,-199400,6.26703
20120827,8/27/2012,-1000,1000,2000,0,555556,0,463450,-214745,6.26176
20120828,8/28/2012,-1000,1000,2000,0,555556,0,462650,-214745,6.2565
20120829,8/29/2012,-1000,1000,2000,20,555576,0.00130336,461935,-214725,6.25247
20120830,8/30/2012,-500,1000,1500,21570,577146,0.0694988,123980,95640,6.2852
20120831,8/31/2012,-500,1000,1500,0,577146,0,125250,95640,6.27994
20120904,9/4/2012,-943,1000,1943,130,577276,0.00848287,423687,-203242,6.28226
20120905,9/5/2012,-500,1000,1500,2099.82,579375,0.00702253,124910,95770,6.28335
20120906,9/6/2012,-500,1000,1500,0,579375,0,127775,95770,6.27811
20120907,9/7/2012,-943,1000,1943,0,579375,0,428755,-205665,6.27288
20120910,9/10/2012,-500,1000,1500,10466.1,589842,0.0528394,127465,98395,6.3013
20120911,9/11/2012,-500,500,1000,-1445,588397,-0.110179,117030,85280,6.12643
20120912,9/12/2012,-500,1461,1961,1410,589807,0.0140333,437643,407058,6.1332
20120913,9/13/2012,-500,461,961,1380,591187,0.0200412,330324,293578,6.14436
20120914,9/14/2012,-1000,461,1461,9906.89,601093,0.0320847,345970,291800,6.16314
20120917,9/17/2012,-1000,461,1461,0,601093,0,349859,291800,6.15808
20120918,9/18/2012,-1500,461,1961,4900.43,605994,0.0153773,454391,193166,6.16582
20120919,9/19/2012,-500,461,961,430,606424,0.0125045,339193,308386,6.17137
20120920,9/20/2012,-500,1461,1961,0,606424,0,452506,423066,6.16632
20120921,9/21/2012,-500,1461,1961,0,606424,0,452891,423066,6.16129
20120924,9/24/2012,-500,1461,1961,0,606424,0,447889,423066,6.15627
20120925,9/25/2012,0,1461,1461,0,606424,0,424262,438261,6.15126
20120926,9/26/2012,0,1961,1961,0,606424,0,435058,453346,6.14626
20120927,9/27/2012,0,1961,1961,0,606424,0,443669,453346,6.14128
20120928,9/28/2012,0,1961,1961,635,607059,0.00615967,437468,453981,6.1417
20121001,10/1/2012,0,1961,1961,0,607059,0,435339,453981,6.13673
20121002,10/2/2012,0,1961,1961,1195,608254,0.0115208,436034,455176,6.14151
20121003,10/3/2012,0,1961,1961,0,608254,0,440998,455176,6.13656
20121004,10/4/2012,0,1961,1961,275,608529,0.00262104,438840,455451,6.13396
20121005,10/5/2012,0,1461,1461,100,608629,0.000950616,327109,350256,6.12988
20121008,10/8/2012,0,1461,1461,0,608629,0,320341,350256,6.12496
20121009,10/9/2012,-500,1000,1500,-30453.7,578175,-0.0941146,129585,-77320,5.98894
20121010,10/10/2012,-458,1000,1458,1085,579260,0.0104332,318907,-266862,5.99289
20121011,10/11/2012,-458,1042,1500,-750,578510,-0.064711,378645,-149192,5.90946
20121012,10/12/2012,-458,1042,1500,0,578510,0,380459,-149192,5.90479
20121015,10/15/2012,-458,1542,2000,0,578510,0,394145,-138327,5.90013
20121016,10/16/2012,-458,1542,2000,0,578510,0,401733,-138327,5.89547
20121017,10/17/2012,-458,1042,1500,-260,578250,-0.0164632,379368,-153382,5.87503
20121018,10/18/2012,-458,1042,1500,0,578250,0,371493,-153382,5.87041
20121019,10/19/2012,-958,1042,2000,0,578250,0,375328,-167702,5.86581
20121022,10/22/2012,-958,1042,2000,0,578250,0,385686,-167702,5.86122
20121023,10/23/2012,-958,1042,2000,0,578250,0,375603,-167702,5.85664
20121024,10/24/2012,-951,1042,1993,11398.6,589649,0.0634096,372323,-151985,5.8873
20121025,10/25/2012,-951,1049,2000,0,589649,0,365620,-147718,5.88271
20121026,10/26/2012,-951,1049,2000,0,589649,0,364523,-147718,5.87813
20121031,10/31/2012,-951,1049,2000,0,589649,0,361669,-147718,5.87355
20121101,11/1/2012,-951,549,1500,235,589884,0.0215695,353144,-158613,5.88541
20121102,11/2/2012,-1000,549,1549,18053.5,607937,0.0648963,150758,108547,5.91616
20121105,11/5/2012,-1000,7,1007,-7636.16,600301,-0.125698,29827.3,-20713.2,5.72749
20121106,11/6/2012,-1500,7,1507,165,600466,0.0149592,127410,-118083,5.7347
20121107,11/7/2012,-1000,7,1007,1955,602421,0.0200441,28901,-20548.2,5.74537
20121108,11/8/2012,-1000,507,1507,450,602871,0.0414174,123634,74951.8,5.76792
20121109,11/9/2012,-1493,507,2000,0,602871,0,385506,-194749,5.7635
20121112,11/12/2012,-1493,507,2000,0,602871,0,382935,-194749,5.75908
20121113,11/13/2012,-993,507,1500,680,603551,0.0554365,368149,-180524,5.78699
20121114,11/14/2012,-993,1007,2000,0,603551,0,377079,-167104,5.78256
20121115,11/15/2012,-993,1007,2000,125,603676,0.0123274,371721,-166979,5.78781
20121116,11/16/2012,-993,1007,2000,0,603676,0,373277,-166979,5.7834
20121119,11/19/2012,-993,1000,1993,-306.67,603370,-0.0718739,397570,-171246,5.69487
20121120,11/20/2012,-493,1000,1493,260,603630,0.0259611,384484,-161231,5.70908
20121121,11/21/2012,-493,1500,1993,150,603780,0.00509783,395218,-151401,5.70888
20121123,11/23/2012,-493,0,493,2155,605935,0.0632408,281750,-269701,5.73878
20121126,11/26/2012,-1993,0,1993,0,605935,0,410718,-389781,5.73444
20121127,11/27/2012,-2000,0,2000,0,605935,0,411510,-393874,5.73012
20121128,11/28/2012,-2000,0,2000,15,605950,0.00109529,411185,-393859,5.7267
20121129,11/29/2012,-1500,0,1500,880,606830,0.0219846,400210,-379504,5.73838
20121130,11/30/2012,-1000,500,1500,890,607720,0.0237113,315735,-270269,5.75112
20121203,12/3/2012,-507,1000,1507,19291.1,627011,0.0715278,121828,94171.5,5.78243
20121204,12/4/2012,-507,1000,1507,0,627011,0,121881,94171.5,5.77808
20121205,12/5/2012,-507,1000,1507,25,627036,0.00187829,121357,94196.5,5.77528
20121206,12/6/2012,-1000,1000,2000,372.78,627408,0.0653562,391915,-175220,5.80519
20121207,12/7/2012,-1000,1000,2000,0,627408,0,385910,-175220,5.80084
20121210,12/10/2012,-1000,1000,2000,1595,629003,0.0255165,384730,-173625,5.81449
20121211,12/11/2012,-1000,1000,2000,2925,631928,0.01069,391780,-170700,5.8184
20121212,12/12/2012,-1000,1000,2000,315,632243,0.0128491,389930,-170385,5.82385
20121213,12/13/2012,-1000,1000,2000,0,632243,0,384640,-170385,5.81951
20121214,12/14/2012,-1000,1000,2000,0,632243,0,374445,-170385,5.81518
20121217,12/17/2012,-1000,1000,2000,335,632578,0.0034724,380060,-170050,5.81364
20121218,12/18/2012,-1000,1000,2000,3745,636323,0.0138348,389055,-166305,5.81978
20121219,12/19/2012,-1000,1000,2000,765,637088,0.0101103,384900,-165540,5.82327
20121220,12/20/2012,-1000,500,1500,6270,643358,0.0363427,368765,-173110,5.84261
20121221,12/21/2012,-500,500,1000,600,643958,0.0613183,356375,-163325,5.87106
20121224,12/24/2012,-1000,1000,2000,0,643958,0,380135,-166535,5.86671
20121226,12/26/2012,-1000,500,1500,5,643963,0.000484496,365905,-176855,5.86277
20121227,12/27/2012,-1500,500,2000,50,644013,0.00369549,377620,-187060,5.86139
20121228,12/28/2012,0,500,500,6415,650428,0.0521283,94915,97540,5.88699
20121231,12/31/2012,0,1500,1500,0,650428,0,119440,121205,5.88266
20130102,1/2/2013,0,0,0,1470,651898,0.0774372,0,0,5.9136
20130103,1/3/2013,-2000,0,2000,0,651898,0,392970,-392970,5.90925
20130104,1/4/2013,-1000,0,1000,8190,660088,0.0344097,23950,-24285,5.92733
20130107,1/7/2013,-1000,500,1500,315,660403,0.0238338,120540,72600,5.93965
20130108,1/8/2013,-500,500,1000,80,660483,0.00752941,109710,83225,5.94113
20130109,1/9/2013,-500,1500,2000,0,660483,0,378785,352500,5.93677
20130110,1/10/2013,-500,500,1000,3380,663863,0.0287131,109670,83225,5.95183
20130111,1/11/2013,-500,500,1000,0,663863,0,110640,83225,5.94748
20130114,1/14/2013,-500,500,1000,0,663863,0,109755,83225,5.94314
20130115,1/15/2013,-1000,500,1500,0,663863,0,120795,72285,5.9388
20130116,1/16/2013,-1500,500,2000,0,663863,0,373915,-180760,5.93448
20130117,1/17/2013,-1500,500,2000,255,664118,0.00264057,373130,-180505,5.93226
20130118,1/18/2013,-1000,500,1500,315,664433,0.0287934,360860,-169565,5.9473
20130122,1/22/2013,-1000,1000,2000,1215,665648,0.0125484,374585,-157765,5.95235
20130123,1/23/2013,-1000,1000,2000,0,665648,0,383725,-157765,5.94803
20130124,1/24/2013,-1000,1000,2000,0,665648,0,351750,-157765,5.94373
20130125,1/25/2013,-500,1000,1500,37550,703198,0.176165,126905,99725,5.93934
20130128,1/28/2013,-500,1500,2000,0,703198,0,351860,324640,5.93505
20130129,1/29/2013,0,1000,1000,4935,708133,0.0734154,112590,113125,5.96455
20130130,1/30/2013,-1000,1000,2000,0,708133,0,354785,-129215,5.96025
20130131,1/31/2013,-1000,1000,2000,0,708133,0,353525,-129215,5.95596
20130201,2/1/2013,-1000,1000,2000,0,708133,0,354045,-129215,5.95168
20130204,2/4/2013,-1000,1000,2000,0,708133,0,347355,-129215,5.94741
20130205,2/5/2013,-1000,1000,2000,0,708133,0,354655,-129215,5.94315
20130206,2/6/2013,-1000,1000,2000,255,708388,0.0183124,353350,-128960,5.9517
20130207,2/7/2013,-500,1000,1500,30,708418,0.00219459,344385,-115290,5.94913
20130208,2/8/2013,-500,1500,2000,0,708418,0,362605,-101515,5.94489
20130211,2/11/2013,-500,1500,2000,0,708418,0,364490,-101515,5.94065
20130212,2/12/2013,-500,1500,2000,165,708583,0.0119782,358505,-101350,5.9451
20130213,2/13/2013,-500,1000,1500,75,708658,0.0053802,344175,-115290,5.94492
20130214,2/14/2013,-1000,1000,2000,0,708658,0,357755,-129310,5.9407
20130215,2/15/2013,-500,500,1000,-1980,706678,-0.0183964,240640,-217775,5.92076
20130219,2/19/2013,-500,1500,2000,0,706678,0,354725,-103590,5.91657
20130220,2/20/2013,-500,1000,1500,-275,706403,-0.0258459,338015,-114230,5.88952
20130221,2/21/2013,0,1500,1500,-5385,701018,-0.0235755,123035,124310,5.86481
20130222,2/22/2013,0,1500,1500,0,701018,0,124635,124310,5.86068
20130225,2/25/2013,0,2000,2000,0,701018,0,343955,345710,5.85656
20130226,2/26/2013,0,2000,2000,165,701183,0.0162963,348030,345875,5.86383
20130227,2/27/2013,0,2000,2000,885,702068,0.00399729,347820,346760,5.86272
20130228,2/28/2013,0,2000,2000,0,702068,0,345455,346760,5.85862
20130301,3/1/2013,0,2000,2000,1295,703363,0.0129293,341180,348055,5.86371
20130304,3/4/2013,0,2000,2000,395,703758,0.0370928,337330,348450,5.88211
20130305,3/5/2013,0,2000,2000,1810,705568,0.0178404,343765,350260,5.89029
20130306,3/6/2013,0,2000,2000,240,705808,0.022567,341940,350500,5.90127
20130307,3/7/2013,0,2000,2000,1445,707253,0.0139931,345015,351945,5.90702
20130308,3/8/2013,0,2000,2000,0,707253,0,345840,351945,5.90291
20130311,3/11/2013,0,2000,2000,330,707583,0.00315156,348755,352275,5.90117
20130312,3/12/2013,0,2000,2000,0,707583,0,344265,352275,5.89707
20130313,3/13/2013,0,2000,2000,990,708573,0.00942498,344995,353265,5.89979
20130314,3/14/2013,0,1500,1500,1870,710443,0.0176365,241145,247235,5.90782
20130315,3/15/2013,-500,1500,2000,0,710443,0,354000,139775,5.90373
20130318,3/18/2013,0,1000,1000,6430,716873,0.0330369,24680,24950,5.9201
20130319,3/19/2013,0,1500,1500,15,716888,0.00106572,131380,131685,5.91682
20130320,3/20/2013,-500,1500,2000,0,716888,0,358320,-94355,5.91274
20130321,3/21/2013,-500,1500,2000,0,716888,0,357070,-94355,5.90867
20130322,3/22/2013,-500,1500,2000,0,716888,0,361785,-94355,5.90461
20130325,3/25/2013,-500,1500,2000,0,716888,0,361815,-94355,5.90055
20130326,3/26/2013,-500,1500,2000,0,716888,0,361715,-94355,5.89651
20130327,3/27/2013,-500,1500,2000,135,717023,0.0104205,356585,-94220,5.8999
20130328,3/28/2013,-500,1500,2000,0,717023,0,353205,-94220,5.89586
20130401,4/1/2013,0,1500,1500,11705,728728,0.0597116,131210,131940,5.92163
20130402,4/2/2013,0,2000,2000,0,728728,0,347205,346835,5.91759
20130403,4/3/2013,0,1500,1500,1100,729828,0.00511878,131135,131940,5.91731
20130404,4/4/2013,-500,1500,2000,0,729828,0,344385,-81920,5.91327
20130405,4/5/2013,-500,1500,2000,0,729828,0,341125,-81920,5.90925
20130408,4/8/2013,-500,1500,2000,0,729828,0,342605,-81920,5.90524
20130409,4/9/2013,-500,1500,2000,500,730328,0.0349528,343780,-81420,5.92229
20130410,4/10/2013,-500,1000,1500,-720,729608,-0.00674663,244115,-188140,5.913
20130411,4/11/2013,-500,1000,1500,0,729608,0,242550,-188140,5.909
20130412,4/12/2013,-1000,1000,2000,0,729608,0,345825,-293830,5.905
20130415,4/15/2013,-1000,1000,2000,0,729608,0,339590,-293830,5.90101
20130416,4/16/2013,-1000,1000,2000,740,730348,0.00346021,344565,-293090,5.89958
20130417,4/17/2013,-500,1000,1500,11770,742118,0.0595733,130215,-79920,5.925
20130418,4/18/2013,-500,1000,1500,0,742118,0,129090,-79920,5.92101
20130419,4/19/2013,0,1000,1000,10770,752888,0.106548,26105,25850,5.94803
20130422,4/22/2013,0,2000,2000,0,752888,0,320105,319100,5.94403
20130423,4/23/2013,0,2000,2000,1140,754028,0.0939999,325860,320240,5.97229
20130424,4/24/2013,0,1500,1500,2520,756548,0.0585655,310415,306880,5.99706
20130425,4/25/2013,-500,1500,2000,0,756548,0,328825,290910,5.99304
20130426,4/26/2013,0,1500,1500,85,756633,0.00555174,317455,306890,5.99298
20130429,4/29/2013,0,1500,1500,3900,760533,0.0541932,330940,315215,6.01651
20130430,4/30/2013,-500,1500,2000,0,760533,0,351185,303240,6.01248
20130501,5/1/2013,-500,1500,2000,20365,780898,0.105262,347815,323605,6.03911
20130502,5/2/2013,-500,1500,2000,1620,782518,0.0162691,352590,325225,6.04587
20130503,5/3/2013,-500,1500,2000,385,782903,0.023533,355970,325610,6.05672
20130506,5/6/2013,-500,1500,2000,0,782903,0,360575,325610,6.05268
20130507,5/7/2013,-500,1500,2000,620,783523,0.00612678,359875,326230,6.05296
20130508,5/8/2013,-500,1000,1500,12275,795798,0.0558856,131030,106585,6.07662
20130509,5/9/2013,-1000,1000,2000,0,795798,0,358515,-121800,6.07257
20130510,5/10/2013,-1000,1000,2000,0,795798,0,357315,-121800,6.06853
20130513,5/13/2013,-1000,1000,2000,0,795798,0,357160,-121800,6.0645
20130514,5/14/2013,-1000,500,1500,20,795818,0.00119439,335455,-138545,6.06134
20130515,5/15/2013,-1500,500,2000,0,795818,0,345110,-155470,6.05733
20130516,5/16/2013,-1500,500,2000,530,796348,0.00520552,348645,-154940,6.05699
20130517,5/17/2013,-1500,500,2000,0,796348,0,350305,-154940,6.05299
20130520,5/20/2013,-1500,500,2000,8375,804723,0.0445163,354845,-146565,6.073
20130521,5/21/2013,-1000,500,1500,100,804823,0.00835073,341580,-134590,6.07476
20130522,5/22/2013,-1000,1000,2000,790,805613,0.00356716,353510,-121765,6.07329
20130523,5/23/2013,-1000,1000,2000,0,805613,0,353250,-121765,6.06929
20130524,5/24/2013,-1000,1000,2000,0,805613,0,354530,-121765,6.0653
20130528,5/28/2013,-1000,1000,2000,5,805618,0.000415455,354160,-121760,6.06162
20130529,5/29/2013,-1000,500,1500,255,805873,0.00943179,343875,-133640,6.06409
20130530,5/30/2013,-1500,500,2000,0,805873,0,360090,-145745,6.06012
20130531,5/31/2013,-1500,500,2000,50,805923,0.000480954,358465,-145695,6.0565
20130603,6/3/2013,-1500,0,1500,465,806388,0.00447072,255775,-249705,6.05569
20130604,6/4/2013,-2000,0,2000,0,806388,0,357925,-352800,6.05173
20130605,6/5/2013,-1500,0,1500,1725,808113,0.0167321,252295,-249705,6.05867
20130606,6/6/2013,-1000,500,1500,555,808668,0.0327917,333455,-130880,6.07384
20130607,6/7/2013,-1000,500,1500,0,808668,0,336375,-130880,6.06989
20130610,6/10/2013,-1500,500,2000,610,809278,0.00598626,352195,-148005,6.0701
20130611,6/11/2013,-1500,500,2000,0,809278,0,350565,-148005,6.06616
20130612,6/12/2013,-1500,500,2000,0,809278,0,346425,-148005,6.06223
20130613,6/13/2013,-1500,500,2000,3070,812348,0.0333572,349720,-144935,6.07759
20130614,6/14/2013,-1000,500,1500,2955,815303,0.0135563,130760,73045,6.08262
20130617,6/17/2013,-1000,1000,2000,0,815303,0,347570,289045,6.07868
20130618,6/18/2013,-1000,1000,2000,0,815303,0,348545,289045,6.07476
20130619,6/19/2013,-1000,1000,2000,65,815368,0.00374424,342265,289110,6.07346
20130620,6/20/2013,0,1000,1000,540,815908,0.030975,307095,318510,6.08771
20130621,6/21/2013,-500,1500,2000,0,815908,0,333215,323045,6.08379
20130624,6/24/2013,-500,1500,2000,0,815908,0,326690,323045,6.07987
20130625,6/25/2013,-500,1500,2000,200,816108,0.0120228,327580,323245,6.08395
20130626,6/26/2013,-500,1000,1500,435,816543,0.0280473,308470,306505,6.09678
20130627,6/27/2013,-1000,1000,2000,0,816543,0,324050,289195,6.09287
20130628,6/28/2013,-1000,1000,2000,0,816543,0,323205,289195,6.08897
20130701,7/1/2013,-1000,500,1500,-6740,809803,-0.0595077,233735,186815,6.02812
20130702,7/2/2013,-500,1000,1500,355,810158,0.0243018,316855,299890,6.03906
20130703,7/3/2013,-500,1500,2000,0,810158,0,335910,316895,6.03521
20130705,7/5/2013,-500,1000,1500,1815,811973,0.0237919,318205,301605,6.04587
20130708,7/8/2013,-500,1000,1500,0,811973,0,316610,301605,6.04203
20130709,7/9/2013,-1000,500,1500,-4535,807438,0.00211398,124395,68720,6.03967
20130710,7/10/2013,-1000,1000,2000,0,807438,0,335465,279085,6.03584
20130711,7/11/2013,-1000,1000,2000,0,807438,0,339885,279085,6.03202
20130712,7/12/2013,-1000,1000,2000,0,807438,0,339075,279085,6.02821
20130715,7/15/2013,-1000,1000,2000,3355,810793,0.0159485,340775,282440,6.03459
20130716,7/16/2013,-1000,1000,2000,0,810793,0,342285,282440,6.03078
20130717,7/17/2013,-1000,1000,2000,0,810793,0,342375,282440,6.02698
20130718,7/18/2013,-1000,1000,2000,0,810793,0,344215,282440,6.02319
20130719,7/19/2013,-1000,1000,2000,50,810843,0.00432152,336465,282490,6.02236
20130722,7/22/2013,-500,1000,1500,1305,812148,0.079841,326205,295180,6.04846
20130723,7/23/2013,-500,1500,2000,25,812173,0.000256502,334270,306580,6.04485
20130724,7/24/2013,-500,1500,2000,25,812198,0.00156201,346005,306605,6.04214
20130725,7/25/2013,-500,1500,2000,1275,813473,0.0251147,345085,307880,6.05333
20130726,7/26/2013,-500,1500,2000,170,813643,0.0106383,346610,308050,6.05652
20130729,7/29/2013,-500,1500,2000,10265,823908,0.0554147,349390,318315,6.07886
20130730,7/30/2013,-500,1000,1500,70,823978,0.0060241,340590,306695,6.07911
20130731,7/31/2013,-1000,1000,2000,2370,826348,0.0105853,351375,297395,6.08224
20130801,8/1/2013,-1000,1000,2000,0,826348,0,353680,297395,6.07845
20130802,8/2/2013,-1000,1000,2000,60,826408,0.00514139,356405,297455,6.07813
20130805,8/5/2013,-500,1000,1500,150,826558,0.0129199,348325,309065,6.08266
20130806,8/6/2013,0,1500,1500,6380,832938,0.0293737,339520,342635,6.09579
20130807,8/7/2013,0,2000,2000,0,832938,0,354150,358665,6.092
20130808,8/8/2013,0,2000,2000,0,832938,0,352140,358665,6.08822
20130809,8/9/2013,0,2000,2000,320,833258,0.0199626,348740,358985,6.09668
20130812,8/12/2013,0,2000,2000,1055,834313,0.0045352,355980,360040,6.09597
20130813,8/13/2013,0,1500,1500,11105,845418,0.0475223,121585,126360,6.11591
20130814,8/14/2013,-500,1500,2000,0,845418,0,370475,-122890,6.11213
20130815,8/15/2013,0,1000,1000,-5420,839998,-0.056772,26910,27750,6.05596
20130816,8/16/2013,-500,1500,2000,0,839998,0,370690,186245,6.05223
20130819,8/19/2013,-500,1500,2000,0,839998,0,372820,186245,6.04851
20130820,8/20/2013,-500,1500,2000,390,840388,0.00420848,369885,186635,6.04761
20130821,8/21/2013,-500,1500,2000,15,840403,5.97217e-05,370500,186650,6.04394
20130822,8/22/2013,-500,1500,2000,0,840403,0,371400,186650,6.04024
20130823,8/23/2013,-500,1000,1500,1025,841428,0.0626911,354440,170300,6.06372
20130826,8/26/2013,-1000,1000,2000,0,841428,0,372065,153225,6.06001
20130827,8/27/2013,0,500,500,1050,842478,0.0091684,244295,251180,6.06225
20130828,8/28/2013,-500,1000,1500,0,842478,0,347675,331115,6.05855
20130829,8/29/2013,-500,1500,2000,0,842478,0,364975,347890,6.05485
20130830,8/30/2013,-500,1500,2000,210,842688,0.0145114,362435,348100,6.06024
20130903,9/3/2013,-500,1500,2000,0,842688,0,363245,348100,6.05655
20130904,9/4/2013,-500,1500,2000,430,843118,0.00471828,367830,348530,6.056
20130905,9/5/2013,-500,1500,2000,0,843118,0,366625,348530,6.05232
20130906,9/6/2013,-500,1500,2000,0,843118,0,367535,348530,6.04865
20130909,9/9/2013,-500,1500,2000,0,843118,0,372860,348530,6.04498
20130910,9/10/2013,-500,1500,2000,1735,844853,0.0189483,368305,350265,6.05279
20130911,9/11/2013,-500,1500,2000,0,844853,0,356980,350265,6.04913
20130912,9/12/2013,-500,1000,1500,-14835,830018,-0.0590612,123025,99085,5.9915
20130913,9/13/2013,-500,1000,1500,2785,832803,0.0298499,124320,101870,6.00455
20130916,9/16/2013,-500,1000,1500,0,832803,0,124670,101870,6.00094
20130917,9/17/2013,-500,1000,1500,0,832803,0,124415,101870,5.99734
20130918,9/18/2013,-500,500,1000,1125,833928,0.0117084,28610,5785,6.0011
20130919,9/19/2013,-1000,500,1500,0,833928,0,125470,-90910,5.9975
20130920,9/20/2013,-1000,0,1000,-380,833548,-0.0226528,106895,-107685,5.97662
20130923,9/23/2013,-1000,0,1000,820,834368,0.0746133,111865,-113065,6.00133
20130924,9/24/2013,-1000,500,1500,1855,836223,0.0265421,351385,-327685,6.0128
20130925,9/25/2013,-1000,500,1500,0,836223,0,347350,-327685,6.00921
20130926,9/26/2013,-1000,1000,2000,0,836223,0,366310,-311300,6.00562
20130927,9/27/2013,-1000,1000,2000,1525,837748,0.0160552,362960,-309775,6.01179
20130930,9/30/2013,-1000,1000,2000,0,837748,0,359065,-309775,6.00821
20131001,10/1/2013,-1000,1000,2000,405,838153,0.0247177,365375,-309370,6.01879
20131002,10/2/2013,-1000,1000,2000,980,839133,0.0104858,365665,-308390,6.0218
20131003,10/3/2013,-1000,1000,2000,140,839273,0.0083383,361865,-308250,6.02353
20131004,10/4/2013,-1000,1000,2000,0,839273,0,361910,-308250,6.01995
20131007,10/7/2013,-1000,1000,2000,1475,840748,0.0159494,362945,-306775,6.02605
20131008,10/8/2013,-500,1000,1500,1645,842393,0.0180759,268215,-215770,6.03327
20131009,10/9/2013,-500,1500,2000,1255,843648,0.00513187,361785,-123855,6.03302
20131010,10/10/2013,-500,1500,2000,0,843648,0,365635,-123855,6.02946
20131011,10/11/2013,-500,1500,2000,2555,846203,0.0346671,368180,-121300,6.04429
20131014,10/14/2013,-500,1500,2000,0,846203,0,370455,-121300,6.04072
20131015,10/15/2013,-500,1000,1500,-155,846048,-0.0130802,358915,-133150,6.02777
20131016,10/16/2013,-500,1500,2000,255,846303,0.0149429,373090,-121045,6.03329
20131017,10/17/2013,-500,1500,2000,0,846303,0,369085,-121045,6.02974
20131018,10/18/2013,-500,1500,2000,250,846553,0.0168328,370755,-120795,6.03628
20131021,10/21/2013,-500,500,1000,145,846698,0.0117459,347110,-150215,6.04
20131022,10/22/2013,-1000,500,1500,0,846698,0,359455,-162250,6.03646
20131023,10/23/2013,-1000,500,1500,165,846863,0.01371,367245,-167095,6.04129
20131024,10/24/2013,-1000,1000,2000,0,846863,0,383605,-155205,6.03775
20131025,10/25/2013,-1000,1000,2000,0,846863,0,381390,-155205,6.03422
20131028,10/28/2013,-1000,1000,2000,290,847153,0.0243902,383580,-154915,6.04453
20131029,10/29/2013,-1000,1000,2000,0,847153,0,379420,-154915,6.041
20131030,10/30/2013,-500,1000,1500,19225,866378,0.0844787,120095,88450,6.06529
20131031,10/31/2013,-1000,1000,2000,0,866378,0,380895,-172900,6.06175
20131101,11/1/2013,-1000,500,1500,-3465,862913,-0.037226,289945,-265980,6.02828
20131104,11/4/2013,-1500,500,2000,0,862913,0,383610,-356115,6.02478
20131105,11/5/2013,-1000,500,1500,1210,864123,0.0134243,293060,-265980,6.02941
20131106,11/6/2013,-1000,1000,2000,0,864123,0,381270,-176385,6.02591
20131107,11/7/2013,-1000,1000,2000,0,864123,0,377025,-176385,6.02242
20131108,11/8/2013,-1000,1000,2000,1470,865593,0.00855866,381210,-174915,6.02427
20131111,11/11/2013,-1000,1000,2000,0,865593,0,381845,-174915,6.02079
20131112,11/12/2013,-1000,1000,2000,1815,867408,0.0181686,382435,-173100,6.02793
20131113,11/13/2013,-500,1000,1500,2200,869608,0.130332,364390,-156220,6.04394
20131114,11/14/2013,-500,1500,2000,0,869608,0,386390,-137210,6.04046
20131115,11/15/2013,-500,1500,2000,60,869668,0.000655487,385270,-137150,6.0374
20131118,11/18/2013,-500,1000,1500,690,870358,0.0110689,290215,-228695,6.04064
20131119,11/19/2013,-500,1000,1500,0,870358,0,290495,-228695,6.03716
20131120,11/20/2013,-500,1000,1500,0,870358,0,288320,-228695,6.0337
20131121,11/21/2013,-1000,1000,2000,0,870358,0,383950,-320760,6.03024
20131122,11/22/2013,-500,1000,1500,105,870463,0.000403838,121370,-60755,6.02705
20131125,11/25/2013,-500,1000,1500,2595,873058,0.0281866,120165,-58160,6.03878
20131126,11/26/2013,0,1000,1000,815,873873,0.0091092,30500,31310,6.04089
20131127,11/27/2013,0,1500,1500,0,873873,0,120235,120795,6.03744
20131129,11/29/2013,0,1500,1500,55,873928,0.00289321,120825,120850,6.03583
20131202,12/2/2013,0,1500,1500,0,873928,0,119815,120850,6.03239
20131203,12/3/2013,-500,1500,2000,90,874018,0.00472069,402130,-162220,6.03191
20131204,12/4/2013,-500,1500,2000,0,874018,0,401710,-162220,6.02848
20131205,12/5/2013,-500,1500,2000,0,874018,0,403120,-162220,6.02506
20131206,12/6/2013,-500,1000,1500,135,874153,0.0102482,388025,-174495,6.02783
20131209,12/9/2013,-500,500,1000,175,874328,0.00912409,371945,-193675,6.02996
20131210,12/10/2013,-1500,500,2000,385,874713,0.00135966,402800,-224755,6.02741
20131211,12/11/2013,-1500,500,2000,0,874713,0,399295,-224755,6.024
20131212,12/12/2013,-1500,500,2000,620,875333,0.037455,397800,-224135,6.03929
20131213,12/13/2013,-1500,500,2000,0,875333,0,394105,-224135,6.03588
20131216,12/16/2013,-1500,500,2000,175,875508,0.00968353,398345,-223960,6.03832
20131217,12/17/2013,-1500,500,2000,0,875508,0,395965,-223960,6.03491
20131218,12/18/2013,-1500,500,2000,155,875663,0.00840336,395600,-223805,6.03663
20131219,12/19/2013,-1500,0,1500,625,876288,0.00698441,302925,-313290,6.03752
20131220,12/20/2013,-1500,500,2000,0,876288,0,395450,-223280,6.03412
20131223,12/23/2013,-1500,500,2000,0,876288,0,407130,-223280,6.03073
20131224,12/24/2013,-1500,500,2000,1600,877888,0.0177758,406700,-221680,6.0375
20131226,12/26/2013,-1500,500,2000,0,877888,0,406195,-221680,6.03412
20131227,12/27/2013,-1500,500,2000,0,877888,0,404030,-221680,6.03074
20131230,12/30/2013,-1500,500,2000,1595,879483,0.0174108,402035,-220085,6.03732
20131231,12/31/2013,-1500,500,2000,0,879483,0,405980,-220085,6.03395
20140102,1/2/2014,-1000,500,1500,-6210,873273,-0.0219609,124240,62690,6.01476
20140103,1/3/2014,-1000,1000,2000,0,873273,0,395155,333180,6.01141
20140106,1/6/2014,-1000,1000,2000,0,873273,0,395760,333180,6.00806
20140107,1/7/2014,-1000,1000,2000,0,873273,0,395875,333180,6.00472
20140108,1/8/2014,-500,1000,1500,900,874173,0.0624984,383595,345815,6.02627
20140109,1/9/2014,-500,1500,2000,485,874658,0.00520358,392370,358955,6.02612
20140110,1/10/2014,-500,1500,2000,0,874658,0,390885,358955,6.02278
20140113,1/13/2014,0,1500,1500,485,875143,0.029319,372695,376930,6.03476
20140114,1/14/2014,0,2000,2000,2705,877848,0.0100004,397300,397525,6.03737
20140115,1/15/2014,0,1500,1500,1075,878923,0.073272,385885,380220,6.06005
20140116,1/16/2014,-500,1500,2000,0,878923,0,403220,361775,6.05669
20140117,1/17/2014,-500,1500,2000,1355,880278,0.0144626,396495,363130,6.06168
20140121,1/21/2014,-500,1500,2000,0,880278,0,399630,363130,6.05833
20140122,1/22/2014,-500,1500,2000,480,880758,0.0260233,397500,363610,6.06884
20140123,1/23/2014,-500,1500,2000,0,880758,0,400050,363610,6.06549
20140124,1/24/2014,-500,1500,2000,0,880758,0,393665,363610,6.06215
20140127,1/27/2014,-500,1500,2000,0,880758,0,394575,363610,6.05881
20140128,1/28/2014,-500,1500,2000,0,880758,0,372260,363610,6.05548
20140129,1/29/2014,-500,1500,2000,0,880758,0,369245,363610,6.05215
20140130,1/30/2014,-500,1500,2000,0,880758,0,369370,363610,6.04883
20140131,1/31/2014,-500,1500,2000,0,880758,0,369830,363610,6.04552
20140203,2/3/2014,-500,1500,2000,0,880758,0,367430,363610,6.04221
20140204,2/4/2014,-500,1500,2000,0,880758,0,370900,363610,6.0389
20140205,2/5/2014,0,1000,1000,-16845,863913,-0.0587991,98880,108380,5.98596
20140206,2/6/2014,0,1000,1000,-1340,862573,-0.100487,105425,113135,5.88366
20140207,2/7/2014,-500,1000,1500,0,862573,0,119010,101030,5.88047
20140210,2/10/2014,-500,1000,1500,-6165,856408,-0.0509891,295040,270790,5.83674
20140211,2/11/2014,-1000,500,1500,185,856593,0.0100543,370065,162540,5.83938
20140212,2/12/2014,-1500,500,2000,0,856593,0,389090,143805,5.83623
20140213,2/13/2014,-1500,500,2000,0,856593,0,394290,143805,5.83309
20140214,2/14/2014,-1500,500,2000,0,856593,0,395030,143805,5.82995
20140218,2/18/2014,-1000,500,1500,25,856618,0.0013344,376970,162540,5.82763
20140219,2/19/2014,-1000,500,1500,4190,860808,0.0158415,372410,166730,5.83328
20140220,2/20/2014,-1000,1000,2000,0,860808,0,388950,185605,5.83015
20140221,2/21/2014,-1000,1000,2000,0,860808,0,385220,185605,5.82703
20140224,2/24/2014,-1000,1000,2000,0,860808,0,386660,185605,5.82391
20140225,2/25/2014,-1000,1000,2000,0,860808,0,383725,185605,5.82079
20140226,2/26/2014,-1000,1000,2000,0,860808,0,381840,185605,5.81768
20140227,2/27/2014,-1000,1000,2000,55,860863,0.00291391,387780,185660,5.81632
20140228,2/28/2014,-1000,1000,2000,0,860863,0,387240,185660,5.81322
20140303,3/3/2014,-500,1000,1500,145,861008,0.0119785,374900,197765,5.8169
20140304,3/4/2014,-1000,1000,2000,0,861008,0,390350,185460,5.8138
20140305,3/5/2014,-500,1000,1500,3845,864853,0.0480056,297485,275435,5.83171
20140306,3/6/2014,-500,1500,2000,0,864853,0,390585,369255,5.82862
20140307,3/7/2014,-500,1500,2000,0,864853,0,390330,369255,5.82552
20140310,3/10/2014,-500,1500,2000,0,864853,0,389985,369255,5.82243
20140311,3/11/2014,-500,1500,2000,0,864853,0,392800,369255,5.81935
20140312,3/12/2014,-500,1000,1500,-380,864473,-0.0014143,124625,100570,5.81541
20140313,3/13/2014,-1000,1000,2000,20,864493,0.00162536,388505,-164735,5.8133
20140314,3/14/2014,-500,1000,1500,2980,867473,0.0112315,122205,100590,5.81658
20140317,3/17/2014,-500,1500,2000,0,867473,0,387650,363960,5.81351
20140318,3/18/2014,-500,1000,1500,2330,869803,0.00884687,125590,100590,5.81551
20140319,3/19/2014,-1000,1000,2000,580,870383,0.0304382,390130,-164460,5.82755
20140320,3/20/2014,-500,500,1000,1410,871793,0.00620436,32880,7350,5.82809
20140321,3/21/2014,-1000,500,1500,445,872238,0.0226636,126000,-85540,5.83688
20140324,3/24/2014,-1000,500,1500,170,872408,0.00846614,376280,163975,5.83866
20140325,3/25/2014,-1000,500,1500,0,872408,0,382745,163975,5.83559
20140326,3/26/2014,-1500,500,2000,0,872408,0,398785,144080,5.83253
20140327,3/27/2014,-1500,500,2000,0,872408,0,395980,144080,5.82947
20140328,3/28/2014,-1500,500,2000,0,872408,0,396615,144080,5.82642
20140331,3/31/2014,-1500,500,2000,0,872408,0,398015,144080,5.82338
20140401,4/1/2014,-1500,0,1500,1230,873638,0.0045624,130955,-125515,5.823
20140402,4/2/2014,-1500,0,1500,0,873638,0,130395,-125515,5.81996
20140403,4/3/2014,-1000,0,1000,920,874558,0.0748881,116850,-113230,5.84213
20140404,4/4/2014,-1500,0,1500,0,874558,0,381730,-379140,5.83908
20140407,4/7/2014,-1500,500,2000,0,874558,0,392140,-365895,5.83604
20140408,4/8/2014,-1500,0,1500,210,874768,0.015855,378275,-379140,5.8416
20140409,4/9/2014,-1500,0,1500,0,874768,0,383715,-379140,5.83856
20140410,4/10/2014,-2000,0,2000,4170,878938,0.015682,392475,-388185,5.84403
20140411,4/11/2014,-1500,0,1500,4550,883488,0.0602186,292500,-294560,5.86423
20140414,4/14/2014,-1500,0,1500,915,884403,0.00420364,373005,-372940,5.86363
20140415,4/15/2014,-1000,500,1500,1860,886263,0.00713081,131770,-92225,5.86466
20140416,4/16/2014,-1000,1000,2000,685,886948,0.00692724,391370,167965,5.86558
20140417,4/17/2014,-1000,1000,2000,0,886948,0,391000,167965,5.86255
20140421,4/21/2014,-1000,1000,2000,2160,889108,0.0258084,395165,170125,5.87254
20140422,4/22/2014,-1000,1000,2000,0,889108,0,395340,170125,5.86951
20140423,4/23/2014,-1000,1000,2000,0,889108,0,391460,170125,5.86648
20140424,4/24/2014,-1000,1000,2000,1025,890133,0.0106621,412300,171150,5.86939
20140425,4/25/2014,-1000,1000,2000,0,890133,0,413870,171150,5.86636
20140428,4/28/2014,-1000,500,1500,37590,927723,0.148444,130170,-88305,5.87454
20140429,4/29/2014,-1500,500,2000,285,928008,0.0142714,427215,-384185,5.8792
20140430,4/30/2014,-1500,500,2000,0,928008,0,426825,-384185,5.87618
20140501,5/1/2014,-1500,500,2000,0,928008,0,425730,-384185,5.87316
20140502,5/2/2014,-1500,500,2000,0,928008,0,425060,-384185,5.87015
20140505,5/5/2014,-1000,500,1500,80,928088,0.00607672,415825,-371020,5.87057
20140506,5/6/2014,-1000,1000,2000,0,928088,0,424850,-357920,5.86756
20140507,5/7/2014,-1000,500,1500,545,928633,0.0113251,410525,-370560,5.87075
20140508,5/8/2014,-1000,500,1500,195,928828,0.00206022,326985,-289080,5.86894
20140509,5/9/2014,-500,1000,1500,20,928848,0.0015186,407580,-180870,5.86682
20140512,5/12/2014,-500,1000,1500,1245,930093,0.0130997,329585,-262725,5.87089
20140513,5/13/2014,-500,500,1000,40,930133,0.00303375,317090,-275910,5.86964
20140514,5/14/2014,-1000,500,1500,0,930133,0,411415,-370270,5.86665
20140515,5/15/2014,-500,500,1000,2885,933018,0.0179012,32805,7250,5.87301
20140516,5/16/2014,-500,1500,2000,0,933018,0,425110,399535,5.87003
20140519,5/19/2014,-500,1500,2000,0,933018,0,428690,399535,5.86705
20140520,5/20/2014,-500,1000,1500,3185,936203,-0.00843876,407820,382880,5.85891
20140521,5/21/2014,-1000,1000,2000,0,936203,0,429625,362705,5.85594
20140522,5/22/2014,-500,1000,1500,125,936328,0.00619579,409550,382880,5.85645
20140523,5/23/2014,-500,1500,2000,0,936328,0,433240,402940,5.85348
20140527,5/27/2014,-500,1500,2000,0,936328,0,438655,402940,5.85053
20140528,5/28/2014,-500,1500,2000,9650,945978,0.0319161,436990,412590,5.86263
20140529,5/29/2014,-500,1000,1500,5795,951773,0.0237044,125530,100695,5.87151
20140530,5/30/2014,-1000,500,1500,300,952073,0.0148736,422340,-235975,5.87643
20140602,6/2/2014,-1500,500,2000,0,952073,0,441195,-256370,5.87346
20140603,6/3/2014,-1000,500,1500,250,952323,0.0122579,424785,-235975,5.8771
20140604,6/4/2014,-1000,1000,2000,0,952323,0,448625,-215815,5.87414
20140605,6/5/2014,-1000,500,1500,445,952768,0.0220734,430495,-235975,5.88231
20140606,6/6/2014,-1000,500,1500,1080,953848,0.083045,436710,-243710,5.90381
20140609,6/9/2014,-500,500,1000,-315,953533,0.000572143,60805,-302545,5.90117
20140610,6/10/2014,-500,500,1000,165,953698,0.0118237,67680,-295945,5.90456
20140611,6/11/2014,-1500,500,2000,0,953698,0,172450,-401035,5.9016
20140612,6/12/2014,-1500,500,2000,270355,1.22405e+06,0.854202,171025,-130680,4.68816
20140613,6/13/2014,-1500,0,1500,60,1.22411e+06,0.002919,151855,-151235,4.68709
20140616,6/16/2014,-1500,0,1500,45,1.22416e+06,0.000975187,152280,-151190,4.68525
20140617,6/17/2014,-1000,0,1000,60,1.22422e+06,0.00130152,106105,-105090,4.68354
20140618,6/18/2014,-1500,500,2000,0,1.22422e+06,0,173680,-79825,4.68131
20140619,6/19/2014,-1000,500,1500,70,1.22429e+06,0.00336134,152385,-59000,4.68043
20140620,6/20/2014,-1000,1000,2000,0,1.22429e+06,0,172170,-38160,4.6782
20140623,6/23/2014,-1000,1000,2000,55,1.22434e+06,0.000603567,172595,-38105,4.67622
20140624,6/24/2014,-1000,1000,2000,35,1.22438e+06,0.00167946,171705,-38070,4.67468
20140625,6/25/2014,-1000,1000,2000,710,1.22509e+06,0.0077962,171995,-37360,4.67554
20140626,6/26/2014,-1000,1000,2000,0,1.22509e+06,0,171885,-37360,4.67332
20140627,6/27/2014,-1000,1000,2000,0,1.22509e+06,0,173435,-37360,4.67111
20140630,6/30/2014,-1000,500,1500,375,1.22546e+06,0.00813626,126935,-83450,4.6721
20140701,7/1/2014,-1000,0,1000,60,1.22552e+06,0.00287425,108665,-104325,4.67104
20140702,7/2/2014,-1500,0,1500,1525,1.22705e+06,0.109202,161885,-158050,4.69537
20140703,7/3/2014,-1500,0,1500,0,1.22705e+06,0,162180,-158050,4.69315
20140707,7/7/2014,-2000,0,2000,0,1.22705e+06,0,178515,-173565,4.69093
20140708,7/8/2014,-1500,0,1500,120,1.22717e+06,0.00773445,162175,-158050,4.69175
20140709,7/9/2014,-1500,500,2000,115,1.22728e+06,0.00548926,178185,-142490,4.69171
20140710,7/10/2014,-1500,500,2000,0,1.22728e+06,0,177845,-142490,4.6895
20140711,7/11/2014,-1500,500,2000,180,1.22746e+06,0.0116543,178280,-142310,4.69179
20140714,7/14/2014,-1500,500,2000,0,1.22746e+06,0,179970,-142310,4.68959
20140715,7/15/2014,-1500,500,2000,230,1.22769e+06,0.01472,178985,-142080,4.69299
20140716,7/16/2014,-1500,500,2000,0,1.22769e+06,0,182935,-142080,4.69079
20140717,7/17/2014,-1000,500,1500,5885,1.23358e+06,0.0651284,85660,-51720,4.70852
20140718,7/18/2014,-1500,500,2000,0,1.23358e+06,0,182660,-147970,4.70631
20140721,7/21/2014,-1500,500,2000,1175,1.23475e+06,0.0741091,181845,-146795,4.72574
20140722,7/22/2014,-1500,0,1500,365,1.23512e+06,0.0214328,166820,-163825,4.73145
20140723,7/23/2014,-2000,0,2000,0,1.23512e+06,0,185095,-181075,4.72924
20140724,7/24/2014,-1000,0,1000,1900,1.23702e+06,0.0452224,119820,-117085,4.74213
20140725,7/25/2014,-1000,1000,2000,0,1.23702e+06,0,185410,-51125,4.73992
20140728,7/28/2014,-1000,1000,2000,0,1.23702e+06,0,186500,-51125,4.73771
20140729,7/29/2014,-1000,1000,2000,355,1.23737e+06,0.00726938,185515,-50770,4.73833
20140730,7/30/2014,-500,500,1000,1005,1.23838e+06,0.048756,146075,-47060,4.75211
20140731,7/31/2014,-1500,500,2000,415,1.23879e+06,0.00431169,182160,-85170,4.75159
20140801,8/1/2014,-1500,500,2000,0,1.23879e+06,0,180940,-85170,4.74938
20140804,8/4/2014,-1500,500,2000,1015,1.23981e+06,0.0105911,181325,-84155,4.75124
20140805,8/5/2014,-1500,500,2000,40,1.23985e+06,0.00185357,179060,-84115,4.74977
20140806,8/6/2014,-1500,500,2000,1835,1.24168e+06,0.0193525,178260,-82280,4.75474
20140807,8/7/2014,-1500,500,2000,605,1.24229e+06,0.0357037,177345,-81675,4.76489
20140808,8/8/2014,-1500,500,2000,0,1.24229e+06,0,178585,-81675,4.76269
20140811,8/11/2014,-1500,500,2000,0,1.24229e+06,0,179840,-81675,4.76048
20140812,8/12/2014,-1500,500,2000,0,1.24229e+06,0,179980,-81675,4.75828
20140813,8/13/2014,-1500,500,2000,0,1.24229e+06,0,181685,-81675,4.75608
20140814,8/14/2014,-1500,500,2000,0,1.24229e+06,0,181795,-81675,4.75388
20140815,8/15/2014,-1500,500,2000,0,1.24229e+06,0,182160,-81675,4.75169
20140818,8/18/2014,-1500,500,2000,390,1.24268e+06,0.00792844,184020,-81285,4.75256
20140819,8/19/2014,-1500,0,1500,685,1.24336e+06,0.0138161,134870,-130865,4.75558
20140820,8/20/2014,-2000,0,2000,0,1.24336e+06,0,185060,-181150,4.75339
20140821,8/21/2014,-2000,0,2000,0,1.24336e+06,0,186090,-181150,4.75121
20140822,8/22/2014,-2000,0,2000,0,1.24336e+06,0,185910,-181150,4.74902
20140825,8/25/2014,-2000,0,2000,0,1.24336e+06,0,186340,-181150,4.74684
20140826,8/26/2014,-1500,0,1500,965,1.24433e+06,0.0448004,164340,-159610,4.75946
20140827,8/27/2014,-1500,0,1500,3140,1.24747e+06,0.0337689,90895,-89060,4.76898
20140828,8/28/2014,-1000,500,1500,985,1.24845e+06,0.0602815,169565,23280,4.78528
20140829,8/29/2014,-1500,500,2000,0,1.24845e+06,0,187575,5820,4.78309
20140902,9/2/2014,-1000,500,1500,175,1.24863e+06,0.0100229,169975,23280,4.78472
20140903,9/3/2014,-500,1000,1500,815,1.24944e+06,0.0162076,135740,90850,4.78856
20140904,9/4/2014,-500,1500,2000,0,1.24944e+06,0,184485,139910,4.78637
20140905,9/5/2014,-500,1000,1500,640,1.25008e+06,0.0211014,136055,91065,4.79187
20140908,9/8/2014,-1000,1000,2000,0,1.25008e+06,0,185150,41885,4.78968
20140909,9/9/2014,-1000,1000,2000,0,1.25008e+06,0,184825,41885,4.7875
20140910,9/10/2014,-1000,1000,2000,10,1.25009e+06,0.000571429,187200,41895,4.78555
20140911,9/11/2014,-1000,1000,2000,0,1.25009e+06,0,187585,41895,4.78337
20140912,9/12/2014,-1000,1000,2000,0,1.25009e+06,0,187130,41895,4.7812
20140915,9/15/2014,-1000,1000,2000,0,1.25009e+06,0,187110,41895,4.77902
20140916,9/16/2014,-1000,1000,2000,0,1.25009e+06,0,187755,41895,4.77686
20140917,9/17/2014,-1000,1000,2000,400,1.25049e+06,0.00416667,187940,42295,4.77631
20140918,9/18/2014,-500,500,1000,1380,1.25187e+06,0.0452661,68480,-31670,4.78892
20140919,9/19/2014,-500,500,1000,0,1.25187e+06,0,67890,-31670,4.78675
20140922,9/22/2014,-1500,500,2000,0,1.25187e+06,0,187970,-151755,4.78459
20140923,9/23/2014,-1500,500,2000,0,1.25187e+06,0,187620,-151755,4.78243
20140924,9/24/2014,-1500,500,2000,400,1.25227e+06,0.00414272,187945,-151355,4.78187
20140925,9/25/2014,-1500,500,2000,0,1.25227e+06,0,183530,-151355,4.77971
20140926,9/26/2014,-1500,500,2000,1450,1.25372e+06,0.025512,185740,-149905,4.78661
20140929,9/29/2014,-1000,500,1500,875,1.2546e+06,0.0177918,135490,-100725,4.79097
20140930,9/30/2014,-1500,500,2000,140,1.25474e+06,0.0022875,185880,-150960,4.7897
20141001,10/1/2014,-500,0,500,1045,1.25578e+06,-0.00547688,49590,-50375,4.78535
20141002,10/2/2014,-500,0,500,425,1.25621e+06,0.00843672,49950,-49950,4.78641
20141003,10/3/2014,-500,1500,2000,0,1.25621e+06,0,184205,84445,4.78426
20141006,10/6/2014,-500,1500,2000,140,1.25635e+06,0.0028028,184430,84585,4.7832
20141007,10/7/2014,-500,1500,2000,0,1.25635e+06,0,181730,84585,4.78105
20141008,10/8/2014,-500,500,1000,465,1.25681e+06,0.0220233,145080,44525,4.78681
20141009,10/9/2014,-1500,500,2000,0,1.25681e+06,0,183455,4790,4.78467
20141010,10/10/2014,-500,500,1000,1765,1.25858e+06,0.0905572,143330,44525,4.80571
20141013,10/13/2014,-500,1500,2000,0,1.25858e+06,0,179225,82085,4.80356
20141014,10/14/2014,-500,500,1000,375,1.25895e+06,0.0231229,141275,44525,4.80965
20141015,10/15/2014,-1500,500,2000,1040,1.25999e+06,0.0208793,176895,8315,4.815
20141016,10/16/2014,-1500,500,2000,0,1.25999e+06,0,174845,8315,4.81285
20141017,10/17/2014,-1500,500,2000,0,1.25999e+06,0,177365,8315,4.8107
20141020,10/20/2014,-1500,500,2000,0,1.25999e+06,0,172260,8315,4.80856
20141021,10/21/2014,0,0,0,0,1.25999e+06,0,0,0,4.80642
20141022,10/22/2014,0,0,0,0,1.25999e+06,0,0,0,4.80428
20141023,10/23/2014,0,0,0,0,1.25999e+06,0,0,0,4.80215
20141024,10/24/2014,0,0,0,0,1.25999e+06,0,0,0,4.80002
20141027,10/27/2014,0,0,0,0,1.25999e+06,0,0,0,4.79789
20141028,10/28/2014,0,0,0,0,1.25999e+06,0,0,0,4.79576
20141029,10/29/2014,0,0,0,0,1.25999e+06,0,0,0,4.79364
20141030,10/30/2014,0,0,0,0,1.25999e+06,0,0,0,4.79152
20141031,10/31/2014,0,0,0,0,1.25999e+06,0,0,0,4.78941
20141103,11/3/2014,0,0,0,0,1.25999e+06,0,0,0,4.78729
20141104,11/4/2014,0,0,0,0,1.25999e+06,0,0,0,4.78518
20141105,11/5/2014,0,0,0,0,1.25999e+06,0,0,0,4.78307
20141106,11/6/2014,0,0,0,0,1.25999e+06,0,0,0,4.78097
20141107,11/7/2014,0,0,0,0,1.25999e+06,0,0,0,4.77886
20141110,11/10/2014,0,0,0,0,1.25999e+06,0,0,0,4.77676
20141111,11/11/2014,0,0,0,0,1.25999e+06,0,0,0,4.77467
20141112,11/12/2014,0,0,0,0,1.25999e+06,0,0,0,4.77257
20141113,11/13/2014,0,0,0,0,1.25999e+06,0,0,0,4.77048
20141114,11/14/2014,0,0,0,0,1.25999e+06,0,0,0,4.76839
20141117,11/17/2014,0,0,0,0,1.25999e+06,0,0,0,4.7663
20141118,11/18/2014,0,0,0,0,1.25999e+06,0,0,0,4.76422
20141119,11/19/2014,0,0,0,0,1.25999e+06,0,0,0,4.76214
20141120,11/20/2014,0,0,0,0,1.25999e+06,0,0,0,4.76006
20141121,11/21/2014,0,0,0,0,1.25999e+06,0,0,0,4.75798
20141124,11/24/2014,0,0,0,0,1.25999e+06,0,0,0,4.75591
20141125,11/25/2014,0,0,0,0,1.25999e+06,0,0,0,4.75384
20141126,11/26/2014,0,0,0,0,1.25999e+06,0,0,0,4.75177
20141128,11/28/2014,0,0,0,0,1.25999e+06,0,0,0,4.74971
20141201,12/1/2014,0,0,0,0,1.25999e+06,0,0,0,4.74765
20141202,12/2/2014,0,0,0,0,1.25999e+06,0,0,0,4.74559
20141203,12/3/2014,0,0,0,0,1.25999e+06,0,0,0,4.74353
20141204,12/4/2014,0,0,0,0,1.25999e+06,0,0,0,4.74148
20141205,12/5/2014,0,0,0,0,1.25999e+06,0,0,0,4.73943
